contact_id,call_id
437,1
414,1
632,1
560,1
91,1
717,1
937,1
82,1
752,1
406,1
371,1
36,1
881,1
335,1
746,1
676,1
318,2
515,2
696,2
231,2
929,2
395,2
361,2
776,3
81,3
15,3
386,3
267,4
819,4
486,4
295,4
429,4
701,5
930,5
441,5
524,5
622,5
9,5
918,5
161,5
815,6
543,6
502,6
44,6
195,6
717,6
932,6
791,6
34,6
116,6
820,6
647,6
447,6
680,6
554,6
411,6
491,6
115,6
676,6
300,6
63,7
322,7
454,7
94,7
578,7
147,8
583,8
697,8
343,8
647,8
496,9
691,9
579,9
5,9
4,9
334,9
446,9
545,10
24,10
635,10
956,10
128,10
724,10
840,10
433,10
96,10
891,10
95,10
687,10
450,10
619,10
34,10
589,10
338,10
339,10
114,10
655,11
783,11
35,11
502,11
987,11
378,11
694,11
193,11
462,11
928,11
280,11
128,11
469,11
321,11
254,11
328,11
545,12
114,12
916,12
372,12
471,12
252,12
121,12
732,13
257,13
262,13
505,13
127,13
95,13
394,13
694,13
873,13
811,13
806,13
295,13
132,13
665,13
659,13
496,13
263,13
775,14
470,14
465,14
736,14
241,14
458,14
105,14
337,14
196,14
423,14
319,14
292,14
40,14
956,14
321,14
671,15
163,15
140,15
461,15
567,15
98,15
757,15
49,15
859,15
861,16
316,16
126,17
828,17
716,17
481,17
869,17
52,17
938,17
174,17
606,17
348,17
631,17
202,17
760,17
363,17
452,18
20,18
289,18
942,18
979,18
643,18
846,18
170,18
898,19
520,19
248,19
8,19
7,19
767,19
649,19
738,19
617,19
447,19
97,19
511,19
966,20
946,20
47,20
911,20
33,20
173,20
392,20
630,20
567,20
594,20
203,20
396,20
219,20
935,21
434,21
865,22
153,22
259,22
41,22
786,22
592,22
626,22
845,22
791,22
587,22
370,22
212,22
235,22
276,22
991,22
553,22
23,23
378,23
677,23
641,23
358,23
996,23
60,23
353,23
346,23
633,24
463,24
712,24
851,24
63,24
143,24
467,24
553,24
272,24
810,24
397,24
95,24
601,24
929,24
507,24
998,25
751,25
403,25
127,25
702,25
123,25
577,25
395,25
799,25
382,25
5,25
951,25
575,25
620,25
564,25
798,25
446,25
111,26
830,26
750,26
486,26
798,26
669,26
695,26
219,26
881,26
167,26
781,26
954,26
128,26
599,26
967,26
25,26
254,26
672,26
315,27
350,27
150,27
533,27
575,27
593,27
686,27
294,27
988,27
49,27
30,27
465,28
513,28
813,28
13,28
234,28
757,29
852,29
392,29
525,29
785,29
884,29
157,29
703,30
76,30
671,30
864,30
296,30
882,30
628,31
323,31
731,31
114,31
703,31
221,31
132,31
280,31
839,31
290,32
410,32
76,32
568,32
542,32
475,32
344,32
136,32
701,32
497,32
949,32
383,32
684,33
599,33
776,33
833,33
437,33
983,34
954,34
828,35
456,35
396,35
102,35
777,35
567,35
768,35
219,35
549,35
567,35
295,35
188,35
80,35
930,35
241,36
623,36
113,36
462,36
552,36
722,36
346,36
414,36
132,36
5,36
537,36
509,36
743,37
513,37
526,37
248,37
324,37
137,37
311,37
514,37
430,37
515,37
78,37
766,37
562,37
241,37
164,37
499,37
94,37
65,37
353,38
463,38
129,38
665,38
607,38
382,38
946,38
87,38
222,38
279,38
938,38
610,38
179,38
56,38
326,38
318,38
618,38
957,38
397,38
860,39
292,39
268,39
581,39
963,39
82,39
30,40
227,40
360,40
164,40
474,40
79,40
535,40
848,40
822,40
131,40
442,40
215,40
884,41
507,41
828,41
897,41
977,41
437,41
46,42
66,42
829,42
376,42
470,42
620,42
443,42
545,42
56,42
105,42
284,42
627,42
557,43
324,43
276,43
132,43
391,44
702,44
702,44
839,44
866,44
48,44
828,44
345,44
683,44
548,45
71,45
350,45
420,45
697,45
168,45
841,45
341,45
552,45
512,45
35,45
891,45
986,45
677,45
175,45
477,45
510,45
469,45
711,45
661,46
959,46
848,46
328,46
5,46
117,46
34,46
672,46
268,46
878,46
429,46
813,46
655,46
209,46
477,47
699,47
103,47
641,47
278,47
235,47
554,47
501,47
826,47
137,47
251,47
582,47
101,47
5,48
360,48
208,48
47,48
796,48
346,48
888,48
980,48
16,48
395,48
914,48
928,48
644,48
534,49
152,49
748,49
331,49
700,49
169,49
685,49
467,49
491,49
396,49
492,49
471,49
597,49
379,49
461,49
530,50
93,50
991,50
747,50
23,50
127,50
18,50
709,50
215,51
368,51
477,51
564,51
299,51
65,51
316,51
593,51
554,51
170,51
713,51
439,52
290,52
174,52
814,52
189,52
588,52
773,52
683,52
842,52
636,52
48,52
369,52
26,52
870,52
230,52
454,53
450,53
446,53
635,54
347,54
517,54
200,54
781,54
260,54
463,54
678,54
988,54
130,55
30,55
671,55
82,55
717,55
352,55
606,55
965,55
501,55
148,55
650,56
709,56
989,56
993,56
673,56
528,56
594,56
531,56
568,56
203,56
394,56
18,57
685,57
243,57
133,57
341,57
539,57
25,57
529,57
900,57
229,57
626,57
94,57
559,57
579,58
638,58
886,59
830,59
652,59
916,59
369,59
962,59
906,59
873,59
309,59
920,59
41,59
448,59
606,59
22,59
359,59
692,59
957,60
197,60
621,60
497,60
369,60
968,60
576,60
229,60
939,60
568,60
696,60
624,60
566,60
132,60
826,60
364,61
475,61
789,61
303,61
971,61
811,61
664,61
744,61
437,61
37,61
858,62
303,62
729,62
650,62
969,62
991,62
391,62
974,62
836,62
800,62
127,62
387,62
951,62
810,62
647,62
114,62
148,62
950,62
131,62
940,63
72,63
781,63
9,63
181,63
499,63
283,63
52,63
112,63
285,63
918,63
608,63
362,63
822,63
245,63
510,63
377,63
743,63
884,63
34,63
454,64
399,64
922,64
898,64
706,64
747,64
104,64
761,65
80,65
28,65
881,65
28,66
701,66
427,66
260,66
490,66
691,66
803,66
461,66
997,66
132,66
159,66
871,66
228,66
612,66
800,66
250,66
9,66
84,66
377,66
664,66
912,67
457,67
922,67
443,67
941,67
744,67
652,67
564,67
824,67
491,67
137,68
759,68
576,68
769,68
163,68
394,68
904,68
111,68
342,68
980,68
439,68
243,69
771,69
954,69
452,69
593,69
948,69
892,69
350,69
910,69
911,69
523,69
773,69
280,69
387,69
493,69
988,69
114,69
150,69
694,70
888,70
366,70
663,70
75,70
257,70
721,70
951,70
524,70
519,70
289,70
637,70
60,70
278,70
26,71
514,71
834,71
97,71
706,71
4,71
404,71
294,72
267,72
566,72
396,72
29,72
701,72
317,73
209,73
33,73
65,73
198,73
596,73
10,73
327,74
84,74
610,74
998,74
627,74
56,74
784,74
759,74
474,74
803,74
740,75
36,75
749,75
141,75
613,75
541,75
632,75
966,75
281,75
347,75
572,76
388,76
557,76
598,76
211,76
782,76
148,76
112,76
879,76
521,76
393,76
403,77
671,77
359,78
23,78
166,78
601,78
505,78
760,78
886,78
326,78
136,78
762,78
357,78
39,78
688,79
477,79
724,79
805,79
110,79
206,79
839,79
877,79
512,79
420,79
515,79
971,79
315,79
512,80
590,80
338,80
181,80
61,80
728,81
85,81
412,81
159,81
235,81
851,81
803,81
463,81
411,81
483,81
907,81
133,81
646,81
811,81
694,81
219,81
954,81
103,82
433,82
728,82
5,82
649,82
128,82
337,82
287,82
974,82
470,82
249,82
291,82
557,82
503,82
937,82
482,83
339,83
976,83
215,84
757,84
818,84
971,84
378,85
130,85
882,85
38,86
399,86
581,86
194,86
97,86
975,86
527,86
195,86
808,87
816,87
483,87
522,87
706,87
882,87
964,87
6,87
112,87
711,87
881,87
714,87
80,87
431,87
312,87
417,87
40,87
936,87
330,87
941,88
615,88
32,88
858,88
205,88
847,88
225,88
694,88
913,88
353,88
608,88
63,88
82,88
529,88
764,88
444,88
785,88
162,89
715,89
183,89
660,90
206,90
56,90
989,90
495,90
466,90
955,90
519,90
436,90
397,91
282,91
540,91
138,92
676,92
804,92
973,92
739,92
598,92
638,93
104,93
16,93
321,93
525,93
2,93
155,93
549,93
950,93
689,93
616,93
285,93
648,93
794,94
710,94
851,94
926,94
380,94
341,94
419,94
397,94
440,95
312,95
442,95
102,95
115,95
982,95
586,95
865,95
691,95
294,95
741,95
614,96
899,96
597,96
450,97
313,97
259,97
21,97
641,97
413,97
16,97
179,97
428,97
164,97
198,98
320,98
714,98
369,98
18,98
782,98
586,98
998,98
422,98
48,98
75,98
634,98
948,98
608,99
845,99
613,99
175,99
126,99
391,99
31,99
263,99
293,100
16,100
632,100
647,100
316,100
61,100
192,100
807,100
710,100
744,100
45,100
362,100
940,100
534,100
162,100
409,100
650,100
319,100
928,101
399,101
475,102
105,102
632,102
263,102
693,102
114,102
61,102
265,103
576,103
156,103
153,103
545,103
689,103
340,103
526,103
360,103
241,103
814,104
223,104
230,104
26,104
215,104
556,104
725,104
322,104
289,104
742,104
554,104
242,104
287,104
327,104
461,104
712,105
89,105
816,105
829,105
746,105
520,105
673,105
512,105
834,105
560,105
58,105
345,105
225,105
564,105
790,105
894,105
810,105
649,105
912,106
287,106
265,106
752,106
256,106
15,106
53,106
310,106
617,106
578,106
431,106
545,106
808,106
565,106
964,106
879,106
769,106
884,106
706,107
316,107
822,107
376,107
64,107
162,107
874,108
571,108
631,108
245,108
146,108
283,108
739,108
662,108
159,108
99,108
905,108
224,108
442,108
844,108
742,108
14,108
413,108
400,108
535,108
534,109
405,109
953,109
26,109
80,109
795,109
898,109
697,109
698,109
632,110
568,110
163,110
582,110
185,111
548,111
126,111
742,111
144,111
33,111
937,111
638,111
674,111
125,111
515,111
261,111
46,111
194,111
147,111
988,111
45,111
44,112
735,112
411,112
320,112
273,112
314,112
258,112
585,112
334,112
54,112
781,112
638,113
666,113
1000,114
5,114
518,114
267,114
662,114
976,114
25,114
753,114
791,114
476,114
790,114
555,115
624,115
953,115
1,115
444,115
348,115
978,116
88,116
188,116
388,116
734,116
131,116
649,116
740,117
310,117
94,117
513,117
626,117
98,117
254,117
950,118
533,118
929,118
757,118
18,118
770,118
727,118
502,118
910,118
418,118
311,118
247,118
955,118
761,118
358,118
404,118
195,119
821,119
548,119
288,119
737,119
49,119
834,119
183,119
307,119
557,119
587,119
780,119
523,119
683,120
584,120
770,120
531,120
815,120
223,120
241,120
630,120
78,120
721,120
540,120
802,120
134,120
115,120
924,120
298,120
600,120
307,121
727,121
232,121
543,121
455,121
964,121
8,121
494,121
51,122
661,122
99,122
845,122
618,122
210,122
445,122
643,122
820,123
873,123
514,123
343,123
652,123
287,123
741,124
144,124
804,124
490,124
160,124
676,124
309,124
621,124
882,124
444,124
916,124
474,124
973,124
486,124
224,124
381,124
423,124
726,125
869,125
796,125
542,125
875,125
185,125
381,125
30,125
968,125
537,125
976,125
591,125
920,125
725,125
566,125
731,125
709,125
407,125
740,125
547,126
926,126
538,126
290,126
687,126
696,126
922,126
795,126
956,127
396,127
314,127
931,127
366,127
138,127
861,127
397,127
167,127
647,127
327,127
200,127
449,127
326,127
497,127
85,127
733,127
905,127
132,128
657,128
189,128
680,128
122,128
285,128
657,128
225,128
431,128
630,128
827,128
366,129
808,129
642,129
40,130
367,130
131,130
825,131
319,131
922,131
205,131
575,131
527,131
220,131
247,131
641,131
77,131
821,131
585,131
165,131
12,131
307,131
990,131
89,131
7,131
831,131
542,131
574,132
308,132
724,132
338,132
942,132
127,132
791,132
310,132
127,132
822,132
270,132
869,132
223,133
826,133
239,133
149,133
638,133
864,133
689,133
969,133
117,133
909,133
689,133
433,133
180,133
367,133
347,133
100,133
607,133
46,134
371,134
319,134
44,134
716,134
171,134
718,134
271,134
191,134
486,134
47,134
641,134
966,134
602,135
496,135
77,135
852,135
989,136
189,136
314,136
598,136
265,136
520,136
928,136
208,136
814,136
567,136
424,136
184,137
877,137
58,137
790,137
247,137
626,138
898,138
707,138
954,138
21,138
214,138
4,138
63,138
777,138
232,138
398,138
893,138
274,138
475,138
897,138
849,138
311,138
928,138
634,138
327,138
596,139
726,139
674,139
814,139
772,139
495,139
855,139
165,139
683,139
682,139
524,139
326,139
743,139
269,139
618,139
592,139
198,140
343,140
748,140
165,140
234,140
465,140
133,140
495,140
843,140
843,140
911,140
540,140
842,140
601,141
953,141
603,141
666,141
915,141
19,141
81,141
557,141
263,141
137,142
261,142
944,142
391,142
292,142
678,142
772,142
448,142
964,142
622,142
925,142
226,142
369,142
304,142
29,142
615,142
848,142
998,142
306,142
572,142
693,143
666,143
38,143
746,143
133,143
780,143
653,143
488,143
804,143
315,143
710,143
968,144
320,144
931,144
647,144
175,144
840,144
258,144
238,144
794,144
910,144
270,144
656,144
497,145
398,145
860,145
198,145
206,145
74,145
116,145
277,145
872,145
156,145
680,145
802,145
87,145
852,145
361,145
273,145
900,145
201,145
209,146
227,146
765,146
171,146
239,146
24,146
446,146
564,146
367,146
271,146
397,146
813,146
963,146
438,146
204,146
617,147
633,147
215,147
454,147
584,147
418,147
266,147
923,147
644,147
97,147
857,147
437,147
26,147
856,147
961,148
845,148
394,148
658,148
382,148
944,148
978,148
64,148
24,148
825,148
780,148
724,149
614,149
381,149
777,149
278,149
219,149
599,149
240,149
806,149
255,150
122,150
311,150
815,150
214,150
392,150
530,150
362,150
785,150
147,150
965,150
847,150
294,150
789,150
535,150
148,150
449,150
712,150
136,150
458,151
375,151
490,151
445,151
158,151
632,151
752,151
36,151
873,151
773,151
551,151
813,151
549,151
71,151
220,151
587,151
292,151
998,151
145,151
118,151
590,152
882,152
529,152
824,152
746,152
727,152
133,152
918,152
255,153
856,153
701,153
182,153
586,153
537,153
557,153
740,153
810,153
820,153
296,153
154,153
648,153
330,153
919,153
30,153
705,154
744,154
270,154
603,154
265,154
951,154
411,154
706,154
146,154
285,154
659,155
682,155
723,155
936,155
559,155
104,155
502,155
102,155
755,155
679,155
52,155
517,155
693,155
223,155
236,155
416,155
457,156
71,156
825,156
160,156
147,156
601,156
900,156
57,156
100,156
931,156
588,156
634,156
729,156
809,156
694,157
788,157
733,157
487,157
762,157
296,157
268,157
636,157
911,157
899,157
847,157
757,157
825,157
959,157
500,157
533,157
89,157
137,158
409,158
819,158
862,158
411,158
746,158
438,159
28,159
98,159
500,159
814,159
436,159
692,159
178,159
635,159
28,159
947,159
721,159
91,159
475,159
644,159
155,159
247,159
93,159
16,159
890,160
116,160
332,160
525,160
536,160
607,160
179,160
166,160
868,160
105,160
12,160
852,160
293,161
52,161
363,161
90,161
671,161
835,161
959,161
58,161
163,161
742,162
541,162
418,162
281,162
84,162
977,163
108,163
659,163
293,163
994,163
851,163
555,163
351,163
748,163
908,163
877,163
563,163
157,163
609,163
980,163
588,163
414,163
289,163
731,163
101,163
208,164
594,164
511,164
521,164
220,164
142,164
223,165
935,165
880,165
163,165
59,165
418,165
286,165
959,165
631,165
66,166
274,166
267,166
137,166
900,166
555,166
592,167
510,167
322,167
352,167
221,167
125,167
567,167
460,167
886,167
234,168
696,168
976,168
452,168
743,169
668,169
699,169
944,169
72,169
523,169
92,169
162,169
426,169
79,169
292,169
869,169
869,169
459,169
902,169
475,169
784,169
969,169
331,169
442,169
954,170
639,170
179,170
519,170
939,170
6,170
733,170
970,170
765,170
676,170
737,170
464,170
239,170
433,171
748,171
791,171
958,171
476,171
845,171
482,171
786,171
669,171
788,171
281,171
462,171
427,171
429,171
151,171
243,172
323,172
339,172
950,172
429,172
966,172
236,172
443,172
625,173
966,173
527,174
968,174
369,174
998,174
248,174
759,174
783,174
555,174
502,174
224,175
191,175
327,175
474,176
722,176
65,176
396,176
1000,176
982,176
35,176
665,176
871,176
450,177
229,177
941,177
638,177
87,177
936,177
550,177
744,177
7,177
333,177
211,178
352,178
301,179
176,179
154,179
588,179
73,179
178,179
419,179
780,179
703,179
535,179
610,179
426,179
573,179
377,179
940,179
678,179
309,179
313,179
130,180
192,180
70,180
386,180
420,180
218,180
631,180
777,180
85,180
546,180
434,180
957,180
108,180
749,180
256,181
381,181
224,181
851,182
564,182
870,182
325,182
405,182
279,182
360,182
643,182
763,182
275,182
738,183
292,183
665,183
967,184
184,184
990,184
281,185
113,185
565,185
346,185
368,185
207,185
923,185
38,185
472,185
274,185
351,185
207,185
910,185
312,186
484,186
620,186
381,186
688,186
57,186
250,186
486,186
463,186
892,186
664,186
833,186
351,186
504,186
913,186
311,186
996,187
290,187
142,187
425,187
700,187
325,187
209,187
192,187
290,187
8,187
520,188
576,188
117,188
199,188
267,188
454,188
769,188
869,188
810,188
609,188
8,189
784,189
499,190
473,190
226,190
488,190
326,190
789,190
968,190
100,190
858,190
226,190
743,190
335,190
752,190
881,191
124,191
633,191
856,192
102,192
503,192
300,192
799,192
565,192
988,192
670,192
307,192
313,192
659,192
605,192
641,192
480,192
238,192
846,192
645,192
118,193
802,193
846,193
95,193
621,193
167,193
307,193
422,193
576,193
861,193
232,193
489,193
231,193
185,193
177,193
430,193
873,193
862,193
995,193
915,193
832,194
813,194
260,194
741,194
110,194
922,194
986,194
709,194
503,194
581,194
193,194
928,194
641,194
104,194
496,195
176,195
41,195
774,195
203,195
596,195
351,195
118,195
756,195
799,195
260,195
88,195
611,195
409,195
967,195
937,195
622,196
924,196
748,196
1000,196
966,196
622,196
505,196
202,196
714,196
182,196
90,196
626,196
467,196
3,196
395,196
138,196
356,196
946,196
784,196
270,196
993,197
304,197
523,197
958,197
408,197
622,197
336,197
66,197
484,197
356,197
737,198
370,198
425,198
75,198
311,198
268,198
413,198
329,199
119,199
767,199
691,199
655,199
266,199
177,199
846,199
209,199
517,199
55,199
973,199
241,199
878,199
972,199
517,199
76,199
754,199
915,199
651,199
766,200
883,200
325,200
613,200
869,200
30,200
959,200
598,201
797,201
814,201
263,201
14,201
827,201
675,201
797,201
830,201
450,201
386,201
167,201
100,202
644,202
627,202
680,202
203,202
502,202
3,202
680,202
383,202
760,202
296,203
783,203
508,203
135,203
971,203
318,203
191,203
177,203
988,203
897,203
378,203
115,203
697,204
976,204
887,204
796,204
568,204
66,204
540,204
428,204
59,204
20,204
194,204
929,204
215,204
368,204
693,204
912,204
276,204
567,205
18,205
538,205
272,205
810,205
374,205
708,205
386,205
533,205
810,205
119,205
683,205
540,205
239,205
879,205
339,205
879,206
401,206
271,206
170,206
825,206
160,206
791,206
610,206
408,206
792,206
457,206
529,207
924,207
166,207
33,207
981,207
297,207
931,207
239,208
845,208
892,208
355,208
765,208
991,208
546,208
832,208
588,208
66,209
799,209
626,209
88,210
561,210
360,210
857,210
918,210
177,211
661,211
838,211
129,211
439,211
193,211
193,211
814,211
833,211
955,211
741,211
264,211
183,211
817,211
55,211
19,211
391,211
989,211
690,211
139,212
777,212
948,212
674,212
63,212
427,212
795,212
770,213
889,213
234,213
455,213
104,213
19,213
768,213
2,213
524,213
260,213
753,213
370,213
697,213
801,213
585,213
115,213
647,214
205,214
19,214
106,214
609,214
208,214
246,214
708,214
613,214
926,214
575,214
778,214
139,214
758,215
642,215
194,215
739,215
745,215
153,215
202,215
656,215
366,215
56,215
893,215
55,215
871,215
774,215
467,215
187,215
519,215
54,216
153,216
383,216
543,216
942,216
656,217
492,217
679,217
693,217
568,217
870,217
721,217
911,218
166,218
949,218
750,218
535,218
101,218
24,218
715,218
877,218
354,218
141,218
712,218
978,218
839,218
774,219
648,219
479,219
204,219
463,219
405,219
202,219
633,219
372,219
87,220
986,220
457,220
888,220
930,220
592,220
684,220
919,220
24,220
311,220
580,220
189,220
214,220
120,220
600,220
937,220
986,221
748,221
219,221
187,221
197,221
494,222
952,222
959,222
20,222
844,222
400,222
8,223
618,223
41,223
530,223
352,223
417,223
208,223
592,223
631,223
862,223
610,223
69,223
912,223
657,223
527,223
84,223
27,223
690,223
305,223
450,224
205,224
752,224
973,224
486,224
808,224
250,224
495,224
559,224
340,225
282,225
323,226
634,226
185,226
824,226
366,226
934,226
713,226
733,226
358,226
509,226
50,226
182,226
770,226
41,226
658,227
443,227
969,227
682,227
164,228
876,228
108,228
347,228
741,228
889,228
715,228
200,228
961,228
43,228
622,228
467,229
596,229
695,229
64,229
762,230
781,230
361,230
665,231
91,231
958,231
350,231
927,231
529,231
107,231
54,231
876,231
660,231
895,231
714,231
267,231
544,231
794,231
76,231
622,231
101,231
429,232
188,232
76,232
48,232
833,233
637,233
567,233
341,233
801,233
262,233
142,233
269,233
63,233
462,234
825,234
924,234
40,234
625,234
867,234
575,234
184,234
865,234
652,234
479,234
679,235
751,235
778,235
419,235
573,236
728,236
895,236
225,236
65,236
928,236
677,236
393,236
593,236
25,236
22,236
761,236
359,237
109,237
385,237
935,237
196,237
384,237
742,237
294,237
785,237
360,237
937,237
951,237
34,237
371,237
750,237
884,237
660,237
991,238
545,238
965,238
111,238
969,238
142,238
989,238
632,238
743,238
303,238
763,238
264,238
900,238
3,239
858,239
555,239
800,239
613,239
718,239
420,239
12,239
40,239
473,239
305,239
687,240
849,240
223,240
233,240
897,240
235,240
478,240
804,241
184,241
865,241
39,241
891,241
272,241
567,241
266,241
924,241
308,241
170,241
14,241
230,241
231,241
466,241
82,241
632,241
363,241
53,242
331,242
560,242
767,242
505,242
761,242
302,242
752,242
84,243
4,243
721,243
470,243
280,243
253,243
172,243
935,243
206,243
332,243
888,244
559,244
393,244
551,244
416,244
582,244
922,244
726,244
124,244
331,244
547,244
420,244
67,244
878,244
997,244
462,244
665,244
921,244
968,245
376,245
482,245
239,245
362,245
628,245
611,245
756,245
266,245
539,245
877,245
47,245
87,245
600,245
786,245
953,245
311,245
799,245
788,246
140,246
85,246
430,246
614,246
484,246
512,246
894,246
670,246
610,246
393,246
638,246
374,246
372,246
723,246
550,246
434,246
833,246
32,246
978,246
919,247
361,247
338,247
920,247
333,247
24,247
292,247
337,247
235,247
357,247
185,247
938,247
438,247
267,247
706,247
938,247
610,247
908,247
110,247
22,247
568,248
651,248
11,248
792,248
515,248
769,248
345,248
73,248
544,249
507,249
981,249
491,249
233,249
182,249
677,249
643,249
53,249
16,249
706,249
553,249
816,249
708,249
489,250
426,250
13,250
66,250
184,250
515,250
796,250
456,250
526,250
321,250
274,250
7,250
719,250
900,250
459,251
139,251
2,251
299,251
96,251
209,252
79,252
910,252
24,252
925,252
412,252
432,252
26,252
92,252
787,252
858,252
230,252
443,252
625,252
185,252
317,252
201,253
791,253
660,253
593,253
741,253
752,253
280,253
501,253
362,253
92,253
770,253
696,253
759,253
874,253
978,254
266,254
708,255
14,255
119,255
160,255
601,255
209,255
869,255
666,255
663,255
6,255
455,255
691,255
313,255
237,255
581,255
703,255
721,255
699,256
696,256
632,256
609,256
976,256
636,256
526,256
95,256
710,256
676,256
533,257
266,257
627,257
251,257
191,257
837,257
116,257
742,257
1000,257
419,257
875,257
256,257
551,258
348,258
655,258
807,258
795,258
741,258
574,258
876,258
870,259
273,259
51,259
807,259
856,259
816,259
89,259
316,259
484,259
783,259
100,259
301,259
294,259
370,259
785,259
662,259
577,259
711,259
387,260
610,260
837,260
617,260
526,260
805,260
177,260
612,260
899,260
799,260
963,260
852,260
684,260
653,260
131,260
603,260
722,260
359,260
189,260
288,260
660,261
254,261
854,261
385,262
592,262
713,262
216,262
764,262
632,262
206,262
477,263
120,263
485,263
525,263
210,263
641,263
15,263
149,263
892,263
194,263
400,263
688,263
315,263
307,263
809,263
814,263
330,263
648,263
198,263
804,264
840,264
260,264
460,264
684,264
943,264
110,264
123,264
225,264
231,264
647,264
920,265
375,265
195,265
218,265
404,265
878,265
587,265
542,265
273,265
158,265
125,265
39,265
853,265
219,265
36,265
662,265
467,266
342,266
242,266
418,266
992,267
454,267
585,267
304,267
54,267
85,267
397,267
603,267
679,267
716,267
400,267
447,267
189,267
852,267
360,267
820,267
151,267
700,267
40,267
237,267
829,268
917,268
409,268
745,268
948,268
836,268
377,268
184,268
295,268
236,268
908,268
889,268
572,268
293,268
992,268
190,268
585,268
427,268
652,269
720,269
354,269
27,269
592,269
500,269
431,269
782,270
32,270
782,270
373,270
158,270
622,270
794,270
32,270
436,270
86,270
904,270
784,270
125,270
35,270
574,271
890,271
493,271
569,271
480,271
520,271
299,271
933,271
345,271
141,271
287,271
215,272
936,272
901,272
340,272
890,272
777,272
918,272
336,273
673,273
505,274
232,274
952,274
578,274
7,274
831,274
947,274
884,274
431,274
296,274
645,274
190,274
374,274
232,274
193,274
565,274
394,274
278,274
220,275
516,275
38,275
793,275
163,275
300,275
338,275
221,275
874,275
791,275
229,275
567,275
31,275
154,275
814,275
197,275
463,276
610,276
606,276
952,276
390,276
726,276
752,277
384,277
562,277
124,277
720,277
675,277
562,277
229,277
974,277
121,278
36,278
627,278
33,278
160,278
221,278
113,278
43,278
832,278
138,278
251,278
710,278
896,279
829,279
136,279
566,279
125,279
71,279
112,279
513,279
936,279
177,279
405,279
364,279
947,279
592,279
908,279
419,280
641,280
902,280
653,280
85,280
485,280
227,280
351,280
155,280
626,280
173,280
315,280
217,280
25,280
521,281
910,281
842,281
150,281
654,281
606,281
310,281
382,281
749,281
934,281
158,281
787,281
106,281
169,281
985,281
709,281
268,281
814,281
973,282
682,282
330,282
226,282
849,282
437,282
512,282
439,282
137,282
635,283
312,283
926,283
561,284
263,284
36,284
737,284
99,285
454,285
706,285
271,285
869,285
478,285
450,285
554,285
971,285
497,285
619,285
197,285
596,285
950,285
116,286
373,286
569,286
509,286
130,286
648,286
106,286
623,286
651,286
758,286
726,286
712,286
527,286
791,286
765,286
239,286
439,286
208,286
577,286
793,287
177,287
586,287
110,287
712,287
609,287
832,287
406,288
695,288
383,288
734,288
294,288
375,288
248,288
599,288
220,288
857,288
519,288
671,288
677,288
340,288
205,289
89,289
890,289
540,289
765,289
488,289
716,289
999,289
234,289
183,289
421,289
487,289
107,289
818,289
120,289
181,289
984,289
491,289
280,289
378,289
298,290
792,290
365,290
91,290
951,290
349,290
894,290
584,290
296,290
102,290
706,290
282,290
606,290
565,290
746,290
622,290
185,290
429,290
263,290
597,291
640,291
485,291
691,291
199,291
406,291
879,291
319,291
979,291
933,291
769,291
407,291
442,291
573,291
403,291
678,291
477,291
329,291
960,292
622,292
763,292
901,292
165,292
588,292
108,292
479,292
9,292
354,293
335,293
832,293
658,293
639,293
595,293
288,293
47,293
737,293
128,293
604,293
615,293
57,293
341,293
400,293
685,293
526,293
816,294
100,294
676,294
832,294
363,294
887,294
567,295
96,295
738,295
458,295
865,295
773,295
557,295
338,295
396,296
917,296
258,296
694,296
40,296
255,296
554,296
825,296
460,296
106,296
625,296
594,296
73,296
411,296
925,296
610,296
850,296
446,296
209,296
804,297
526,297
975,297
844,297
247,298
668,298
698,298
557,298
501,298
148,298
777,298
12,298
744,298
297,298
131,298
258,298
435,298
156,298
60,298
331,298
537,298
419,298
941,299
181,299
298,299
764,299
64,299
746,299
715,299
778,299
901,299
109,299
352,299
618,299
729,300
232,300
653,300
950,300
722,300
545,300
328,300
540,301
844,301
644,301
758,301
351,301
336,301
576,301
730,301
758,301
27,301
41,301
187,301
800,302
993,302
870,302
355,302
215,302
506,302
340,302
34,302
322,302
827,302
952,302
630,302
745,302
25,302
131,302
713,302
11,302
209,303
493,303
574,303
481,303
630,303
766,303
190,303
471,303
439,303
623,303
913,303
758,303
314,303
874,303
750,304
650,304
949,304
2,304
124,304
535,304
804,304
738,304
438,304
521,304
313,304
574,304
950,304
327,304
879,304
877,304
9,304
676,305
88,305
779,305
230,305
193,305
588,305
69,305
907,305
15,305
60,305
151,305
757,305
531,305
685,305
301,305
135,306
342,306
725,306
836,306
424,306
524,306
367,306
275,306
774,306
978,306
559,306
710,306
272,306
477,306
405,306
422,306
393,306
504,306
294,307
534,307
30,307
192,307
797,307
445,307
738,307
307,307
133,308
639,308
736,308
175,308
238,308
22,308
99,308
460,308
499,308
336,308
743,308
296,309
170,309
594,309
985,309
641,310
58,310
256,310
232,310
589,311
8,311
945,311
137,311
350,312
250,312
430,312
347,312
167,312
613,312
807,312
6,312
998,312
621,312
660,312
983,312
805,312
11,312
554,312
416,313
392,313
18,313
153,313
390,313
624,313
425,313
696,313
407,313
821,313
606,313
99,313
751,313
637,313
941,313
922,313
800,313
385,313
123,314
715,314
811,314
637,314
649,314
231,314
501,314
933,315
855,315
829,315
218,315
157,315
245,315
88,315
19,315
595,315
210,315
406,316
866,316
363,316
451,316
130,316
762,316
370,316
932,316
340,316
423,317
160,317
287,317
689,317
481,317
565,317
620,317
656,318
93,318
438,318
508,318
232,318
916,318
957,318
637,318
579,319
112,319
177,319
468,319
197,319
457,319
234,320
554,320
167,320
136,320
287,320
523,320
84,320
260,320
787,320
813,320
342,320
891,320
870,320
444,320
588,320
743,320
755,320
135,320
158,320
963,320
836,321
633,321
459,322
45,322
361,322
499,322
855,322
348,322
356,322
698,322
205,322
165,322
878,322
478,322
428,322
798,322
234,322
771,322
703,323
847,323
455,323
831,323
136,323
908,323
787,323
254,323
825,323
788,323
692,323
572,323
14,323
558,323
214,323
617,323
609,323
105,323
904,323
980,323
731,324
863,324
636,324
563,324
415,325
487,325
315,325
413,325
919,325
825,325
753,325
755,326
83,326
198,326
772,326
82,326
69,327
168,327
982,328
233,328
637,328
578,328
730,328
875,328
381,328
740,328
55,329
884,329
220,329
637,329
447,329
563,330
3,330
174,330
637,330
330,330
15,330
343,330
700,331
891,331
625,331
102,331
971,331
180,331
789,331
279,331
499,331
256,331
4,331
613,331
283,331
656,331
642,331
692,332
152,332
705,332
200,332
643,332
163,332
660,332
628,332
525,332
477,332
155,332
970,332
263,332
461,332
423,332
676,332
582,332
252,333
461,333
905,333
640,333
558,333
532,333
568,333
658,333
327,333
629,333
691,333
974,333
76,333
434,333
408,334
831,334
474,334
20,334
607,335
979,335
448,335
279,335
551,335
470,335
769,335
599,335
548,335
653,335
19,335
487,335
874,335
211,335
989,335
906,335
140,335
984,335
23,335
526,335
957,336
611,336
74,336
819,336
245,336
982,336
838,336
436,337
958,337
433,338
27,338
28,338
791,338
513,338
312,338
420,338
233,338
168,338
129,338
606,338
651,339
918,339
310,339
731,339
86,339
472,339
697,339
566,339
961,339
630,340
883,340
73,340
469,340
730,340
821,340
612,340
226,340
10,340
421,340
563,340
915,340
712,340
231,340
656,340
986,341
103,341
660,341
420,341
975,341
388,341
401,341
737,341
656,341
421,341
176,342
165,342
949,342
113,342
650,343
356,343
677,343
196,344
365,344
932,344
775,344
741,344
584,345
184,345
858,345
446,345
631,345
803,345
388,345
360,345
339,345
327,346
943,346
953,346
911,347
203,347
454,347
359,347
93,347
744,347
439,347
203,347
25,347
500,347
295,347
942,347
969,347
672,347
488,347
517,348
562,348
861,348
701,348
606,348
12,348
774,348
672,348
706,348
326,348
797,348
230,348
647,348
364,348
155,348
379,349
774,349
669,349
912,350
701,350
733,350
126,350
739,350
725,350
573,350
216,350
85,350
366,350
913,350
482,350
237,350
827,350
399,350
255,350
821,350
867,350
636,351
272,351
542,351
664,351
779,351
569,351
633,351
749,351
379,351
172,351
412,351
398,351
802,352
266,352
646,352
244,352
924,352
835,352
860,352
666,352
453,352
797,352
566,352
307,352
734,352
963,352
807,352
703,352
629,353
870,353
772,353
422,353
343,353
766,353
339,353
988,353
524,353
333,353
357,354
958,354
961,354
775,354
3,354
450,354
286,354
716,354
603,354
703,354
395,354
680,354
196,354
627,354
281,354
208,354
501,354
899,354
205,354
820,354
247,355
114,355
236,355
105,355
128,355
207,355
628,355
157,355
455,355
923,355
162,355
106,355
447,355
911,355
842,355
927,355
242,355
988,355
837,355
262,355
667,356
155,356
894,356
427,356
920,356
418,356
933,356
431,356
125,356
659,356
581,356
180,356
402,356
857,356
561,356
659,356
997,356
47,356
261,357
400,357
855,357
258,357
694,358
473,358
626,358
729,358
403,358
257,358
551,358
322,359
80,359
801,359
902,359
410,359
175,359
147,359
461,359
467,359
142,359
875,359
741,360
948,360
329,360
432,360
888,360
928,360
231,360
40,360
609,360
881,360
558,360
878,360
433,360
936,360
239,360
300,360
119,361
946,361
125,361
928,361
66,361
740,361
652,361
503,361
149,361
813,361
93,361
970,361
140,361
899,362
727,362
404,362
151,362
603,362
764,362
342,362
691,362
976,362
504,362
740,362
818,363
99,363
970,363
830,363
320,363
410,363
228,363
188,363
527,363
555,363
266,364
397,364
284,364
916,364
544,364
698,364
768,364
577,364
650,364
126,364
93,364
595,364
360,364
522,364
254,364
460,365
90,365
71,365
615,365
516,365
415,365
896,365
161,366
67,366
32,366
642,366
317,367
539,367
107,367
630,367
109,367
551,368
403,368
621,368
752,368
509,368
664,368
92,368
184,368
525,368
603,368
648,368
705,368
617,368
284,368
533,368
323,368
208,368
731,368
232,368
115,368
715,369
697,369
41,369
75,369
179,369
306,369
61,369
211,369
412,369
865,369
271,370
863,370
503,370
787,370
497,371
334,371
739,371
543,372
967,372
119,372
762,372
808,372
253,372
881,372
210,372
25,372
767,372
335,372
334,372
995,372
721,373
367,373
683,373
363,374
706,374
315,374
723,374
456,374
897,374
577,375
85,375
870,375
442,375
585,375
165,375
44,375
620,375
399,375
336,375
158,375
232,375
899,375
24,375
396,375
802,376
20,376
287,376
108,376
153,376
451,376
581,376
422,376
856,376
224,376
39,376
54,376
20,376
842,376
568,376
943,376
30,376
75,376
614,376
572,376
74,377
598,377
459,377
250,377
763,377
963,377
245,377
28,377
712,377
750,377
462,377
759,377
395,377
955,377
900,377
609,377
666,378
100,378
166,378
974,378
818,378
651,378
797,379
406,379
664,379
718,379
911,379
326,379
699,380
937,380
571,380
587,380
885,380
409,380
720,380
569,380
483,380
238,380
338,380
286,381
809,381
312,381
595,382
85,382
174,382
777,382
630,382
655,382
241,382
753,382
852,382
511,382
192,382
115,382
348,382
874,382
4,382
854,382
655,382
77,382
409,382
582,383
510,383
804,384
477,384
99,384
743,384
528,384
671,384
107,384
999,384
847,384
169,384
283,384
177,384
92,384
613,384
981,384
234,384
605,384
606,384
802,385
504,385
221,385
338,385
129,385
314,385
750,385
434,385
851,385
787,385
895,385
62,385
95,385
114,385
16,385
386,385
490,385
170,386
926,386
226,386
262,386
735,386
256,386
425,387
347,387
967,387
664,387
766,387
103,387
105,387
520,387
746,387
864,387
428,388
535,388
707,388
440,388
6,388
28,389
386,389
588,389
353,389
302,389
73,389
866,389
115,389
653,389
771,389
836,389
84,389
599,389
863,389
324,389
507,389
551,390
150,390
103,390
591,390
955,390
77,390
836,390
588,391
814,391
381,391
750,391
325,391
226,392
583,392
553,392
40,392
756,392
901,392
791,392
904,392
204,392
169,392
494,392
211,392
268,392
384,392
686,393
654,393
773,393
757,393
9,393
346,393
23,393
781,393
113,393
477,393
626,393
890,393
732,394
717,394
509,394
969,394
103,394
360,394
247,394
419,394
576,395
932,395
385,395
591,395
55,395
403,395
482,395
358,395
346,395
318,395
528,395
774,396
678,396
801,396
711,396
781,396
124,396
807,396
586,396
559,396
700,396
43,397
396,397
853,397
648,397
758,397
223,397
97,397
906,397
346,397
453,397
128,398
117,398
617,398
820,398
825,399
763,399
899,399
41,399
571,399
400,399
886,399
168,399
78,399
880,399
476,399
608,399
650,399
103,399
976,399
159,399
986,399
67,399
645,399
292,400
755,400
598,400
486,400
234,400
960,400
897,400
164,400
182,400
985,400
890,400
911,400
275,400
397,400
210,401
503,401
558,401
695,401
911,401
969,401
677,401
175,402
995,402
911,402
379,402
414,402
433,402
966,402
150,402
486,402
114,402
808,402
926,402
445,402
21,402
899,402
69,402
930,403
419,403
731,403
490,403
993,403
525,404
683,404
96,404
19,404
128,404
902,404
650,404
803,404
713,404
901,404
86,404
545,404
612,404
251,404
571,405
796,405
315,405
918,405
382,405
631,405
291,405
700,405
8,405
265,405
779,406
103,406
525,406
158,406
767,406
624,406
712,406
864,406
784,406
977,406
477,406
107,407
101,407
784,407
209,407
891,407
270,407
9,407
365,407
948,407
807,407
869,407
345,407
480,408
321,408
285,408
163,408
554,408
774,408
335,408
505,408
967,408
460,408
499,408
890,408
267,408
946,409
291,409
645,409
698,409
455,409
734,409
72,409
332,409
78,409
515,409
479,409
386,409
731,409
934,409
807,409
621,409
61,409
501,409
609,409
804,409
550,410
926,410
535,411
891,411
145,411
763,411
235,411
379,411
5,411
255,411
426,411
158,411
1000,411
900,411
93,411
94,411
796,411
531,411
569,411
44,411
274,411
294,411
320,412
935,412
578,412
609,412
81,412
929,412
638,412
790,412
464,412
212,413
297,413
609,413
533,414
214,414
285,414
984,414
866,414
725,414
97,414
902,414
300,414
477,414
332,414
334,414
835,414
789,414
136,414
961,414
303,415
830,415
783,415
10,415
14,415
935,415
805,415
50,415
901,415
332,415
158,415
262,415
753,415
611,416
13,416
541,416
851,416
7,416
918,416
882,416
150,416
683,416
156,416
221,416
523,416
744,417
20,417
488,417
778,417
127,417
685,417
173,417
224,417
646,417
420,417
44,417
203,417
562,417
763,417
567,417
263,417
449,418
125,418
151,418
414,418
8,418
789,419
135,419
149,419
307,419
833,419
876,419
827,419
30,419
127,419
973,419
976,419
367,419
927,419
510,419
312,419
706,419
331,420
902,420
650,420
138,420
50,420
453,420
695,420
529,420
972,420
199,420
493,420
657,420
685,420
464,420
230,420
759,420
750,420
903,420
358,421
89,421
970,421
828,421
26,421
206,421
24,421
147,421
744,421
34,421
191,422
385,422
559,422
877,422
497,422
503,422
251,422
115,422
534,422
744,422
606,422
511,422
610,422
634,422
324,422
874,422
809,422
74,422
777,422
74,422
460,423
448,423
639,423
781,423
791,423
954,423
938,423
946,423
262,423
990,423
73,423
940,423
131,423
470,423
206,423
870,423
899,423
132,424
518,424
637,424
758,424
164,425
391,425
413,425
223,425
946,425
165,425
316,425
414,425
517,426
328,426
208,426
615,426
693,427
439,427
829,427
817,427
18,428
668,428
944,428
779,428
760,428
760,428
203,428
450,428
726,429
928,429
626,429
491,429
179,429
43,429
879,429
554,429
155,429
26,429
891,429
957,429
355,429
826,429
144,429
694,429
479,429
484,429
77,429
37,429
651,430
516,430
890,430
303,430
118,431
408,431
959,431
618,431
669,431
634,431
853,431
950,431
499,431
485,431
444,431
533,432
36,432
866,432
107,432
385,432
827,432
798,432
75,432
881,432
389,432
750,432
771,432
920,432
34,433
540,433
334,433
871,433
952,433
984,433
849,433
71,433
533,433
645,433
181,433
833,433
135,433
755,433
908,433
40,433
263,434
191,434
729,434
153,434
769,434
138,434
531,434
314,434
840,434
325,434
157,434
807,434
259,434
252,435
406,435
481,435
33,435
353,435
955,435
166,435
28,435
885,436
68,436
588,436
508,436
983,436
108,436
320,437
367,437
554,437
133,437
149,437
267,437
591,437
975,437
429,437
839,437
856,437
748,437
205,437
729,437
844,437
426,437
755,437
861,437
872,438
698,438
432,438
4,439
911,439
372,439
111,439
574,439
823,439
295,439
843,439
708,439
907,439
462,439
778,439
285,439
18,439
861,440
123,440
368,441
712,441
981,442
217,442
608,442
387,442
303,442
443,442
154,442
694,442
517,442
520,442
89,442
347,442
880,442
154,442
781,442
189,443
368,443
86,443
878,443
59,443
237,443
563,443
226,443
579,443
376,443
101,443
62,444
58,444
849,444
460,444
176,444
669,445
205,445
878,445
266,445
525,445
171,445
666,445
186,445
886,445
663,445
9,445
17,445
762,445
967,445
863,445
419,445
79,445
727,446
229,446
989,446
573,447
309,447
242,447
971,447
61,447
368,447
565,447
413,447
259,447
698,447
964,447
620,447
536,448
525,448
753,448
157,448
558,448
31,448
631,448
972,448
481,448
465,448
676,449
330,449
260,449
747,449
908,450
440,450
557,450
828,450
415,450
850,450
212,451
380,451
224,451
784,451
228,451
344,451
585,451
971,451
925,451
105,451
570,451
477,451
448,451
278,451
317,451
74,451
994,452
193,452
87,453
426,453
757,453
683,454
854,454
944,454
279,454
80,454
395,454
41,455
997,455
258,455
255,455
608,455
214,455
25,455
784,455
604,455
615,455
689,455
111,455
367,455
920,456
810,456
759,456
134,456
679,456
221,456
212,456
244,456
655,456
19,456
644,456
415,456
411,456
117,456
858,456
500,456
638,456
445,456
568,456
116,456
764,457
519,457
299,457
573,457
843,457
882,457
952,457
142,457
718,457
173,457
845,457
324,457
909,457
793,457
436,457
418,458
226,458
500,458
234,458
825,458
675,458
776,458
72,458
132,458
169,458
392,458
211,458
410,458
697,458
36,459
570,459
363,459
481,459
896,459
417,459
805,459
372,459
213,459
989,459
908,459
214,459
883,459
90,459
541,460
684,460
518,460
45,460
390,461
525,461
959,461
293,461
618,462
856,462
478,462
231,462
197,462
66,463
663,463
652,464
396,464
626,464
633,464
346,464
127,464
304,464
32,464
366,464
559,464
20,464
889,464
143,464
386,464
375,464
748,464
334,464
440,464
973,464
634,465
143,465
355,465
716,465
47,465
488,465
284,465
51,465
588,465
443,465
664,465
252,465
610,465
470,465
167,465
105,465
379,465
611,465
525,466
406,466
755,466
546,466
170,466
765,466
319,466
526,466
635,466
266,466
515,466
476,466
188,466
518,466
917,466
721,466
705,466
771,466
157,466
35,466
909,467
615,467
655,468
869,468
272,468
133,468
413,468
35,468
788,468
872,468
452,468
497,468
567,468
754,468
868,468
158,468
455,468
583,468
463,468
201,468
84,468
752,469
790,469
887,469
120,469
692,470
349,470
522,470
523,470
446,470
65,470
717,470
615,470
467,470
121,470
549,470
773,470
858,471
929,471
90,471
791,471
872,471
619,471
71,471
406,471
667,471
148,471
629,472
310,472
60,472
990,472
366,472
666,472
540,472
610,472
976,472
662,472
852,472
275,472
250,472
328,473
907,473
232,473
495,473
492,473
958,473
284,473
910,473
906,473
947,473
878,473
696,473
507,473
304,473
207,473
941,474
94,474
179,474
757,474
499,474
515,474
708,474
559,474
67,474
843,474
666,474
466,474
61,474
347,475
266,475
433,475
723,475
196,475
115,475
617,475
69,475
230,475
389,475
474,475
539,475
55,476
583,476
26,476
261,476
364,476
737,476
596,476
780,476
516,476
535,476
742,476
815,476
958,476
686,476
179,476
982,476
368,476
585,477
629,477
924,477
821,477
739,477
242,477
754,477
173,477
409,477
461,477
705,477
791,477
631,477
344,477
512,477
555,478
321,478
841,478
548,479
548,479
476,480
869,480
654,480
761,480
852,480
729,480
600,480
139,480
868,480
845,480
260,480
951,480
746,480
160,480
895,481
525,481
623,481
431,481
29,481
141,481
334,481
85,481
621,481
328,481
701,481
551,481
273,481
403,481
104,481
974,481
539,481
983,481
790,481
625,482
270,482
824,482
515,482
872,482
60,482
546,482
204,482
93,482
204,482
728,482
471,482
59,482
88,483
732,483
476,483
809,483
610,483
142,483
128,484
299,484
56,484
661,484
154,484
85,484
285,484
913,484
559,484
309,484
22,484
660,484
393,484
554,484
912,484
724,484
971,484
367,484
414,485
4,485
978,485
314,485
341,485
737,485
815,485
906,485
78,485
323,485
251,485
320,485
519,485
733,485
146,486
970,486
633,486
290,486
105,486
874,486
35,486
613,486
693,487
955,487
857,487
584,487
762,487
69,487
970,487
281,487
875,487
62,487
293,487
245,487
138,487
4,487
967,487
378,487
336,488
285,488
460,488
784,488
342,488
955,488
645,488
946,488
667,488
160,488
711,488
744,488
544,488
488,488
202,488
869,488
679,489
651,489
234,489
980,489
157,489
138,489
30,489
996,489
94,489
387,489
495,489
656,489
970,489
208,489
927,489
767,489
953,489
691,490
838,490
479,490
375,490
710,490
372,490
949,490
388,491
826,491
696,491
611,491
296,491
546,491
722,491
972,491
88,491
747,491
246,491
528,491
217,491
482,491
46,491
249,491
686,492
571,492
846,493
312,493
343,493
108,493
8,493
174,493
248,493
13,493
906,493
2,493
284,493
571,493
66,493
34,493
770,493
629,493
129,493
468,494
684,494
921,494
389,494
564,495
610,495
377,495
948,495
796,495
721,496
53,496
775,496
190,496
244,496
680,496
56,497
330,497
618,497
763,497
548,497
178,497
305,497
270,498
600,498
673,498
816,498
891,498
307,498
410,498
758,498
928,498
170,498
441,498
722,498
665,499
923,499
449,499
509,500
701,500
384,500
266,500
835,500
146,500
103,500
980,500
191,500
365,500
924,500
184,500
114,500
482,500
900,500
574,500
2,500
918,500
376,500
478,501
977,501
882,501
281,501
280,501
623,501
647,501
797,501
637,501
24,501
33,501
87,501
880,501
947,501
972,501
132,501
26,501
739,502
62,502
977,502
86,502
245,502
245,502
696,502
952,502
93,502
784,502
567,502
585,502
591,502
294,502
420,502
122,502
36,502
186,502
378,502
192,502
801,503
575,503
288,503
955,503
540,503
705,504
959,504
466,504
452,504
895,504
592,504
146,504
351,504
811,504
415,504
745,504
489,504
749,504
396,504
7,505
10,505
999,505
119,505
630,505
818,505
982,505
942,505
572,506
654,506
69,506
137,506
39,506
726,506
270,506
359,506
384,506
784,506
381,506
207,506
995,506
637,506
813,506
337,506
937,506
963,506
559,506
63,507
821,507
214,507
948,507
577,507
890,507
74,508
800,508
478,508
675,508
891,508
705,508
223,508
125,508
21,508
385,508
19,508
560,508
818,508
292,508
147,508
82,508
918,508
858,509
126,509
427,509
52,509
475,510
437,510
561,510
976,510
490,510
126,510
463,510
551,511
786,511
910,511
955,511
515,511
987,511
471,511
385,511
50,511
455,511
557,511
749,511
742,511
659,511
868,511
230,511
875,511
264,511
295,511
746,512
575,512
909,513
625,513
860,513
186,513
218,513
431,513
185,513
467,513
758,513
880,513
142,513
781,513
63,513
631,514
299,514
301,514
358,514
657,514
259,514
367,515
989,515
810,515
240,515
574,515
564,516
727,516
157,516
823,516
90,516
451,516
633,516
902,516
598,516
395,516
935,516
472,516
494,516
290,516
929,516
448,516
463,516
24,517
957,517
473,517
925,518
844,518
361,519
697,519
974,519
85,519
298,520
176,520
679,520
933,520
158,520
93,520
133,520
498,520
514,520
879,520
24,520
117,520
228,520
537,520
954,521
240,521
455,521
232,521
99,521
44,521
713,521
790,521
363,522
218,522
242,522
907,522
81,522
790,522
852,522
688,522
972,522
669,522
163,523
475,523
673,523
517,524
955,524
895,524
621,524
800,524
227,524
333,524
106,524
436,524
833,524
280,524
840,524
353,524
985,524
555,524
584,524
492,524
959,525
580,525
709,525
272,525
255,525
370,525
398,525
131,525
502,525
474,525
287,525
951,525
713,525
958,525
760,525
287,525
450,525
420,525
545,525
645,525
788,526
174,526
505,526
777,526
43,526
264,527
879,527
645,528
934,528
863,528
434,528
667,528
128,528
356,528
744,528
686,528
145,528
348,528
632,528
941,528
423,528
257,528
378,528
526,529
20,529
14,529
429,529
231,529
17,529
98,529
67,529
298,529
575,529
111,529
377,529
969,529
41,529
710,529
397,529
958,529
49,530
815,530
307,530
459,530
455,530
527,530
455,530
835,530
561,530
86,530
322,530
385,530
318,530
637,530
344,530
306,530
991,530
767,530
594,530
73,530
16,531
680,531
193,531
51,531
556,531
453,531
994,531
590,531
852,531
572,531
170,531
737,531
897,531
213,531
4,531
489,531
536,531
536,531
645,531
253,532
438,532
462,532
83,532
150,532
936,532
190,532
321,532
792,532
248,532
130,533
9,533
308,534
94,534
672,534
885,534
336,534
484,534
492,534
290,534
409,534
722,534
606,534
502,534
507,534
512,535
716,535
507,535
281,535
405,535
582,535
988,535
404,535
311,535
791,535
373,535
694,535
532,535
294,535
871,535
480,535
565,535
279,535
887,535
57,535
691,536
156,536
351,536
156,536
24,536
756,536
455,536
713,536
880,536
236,536
538,536
973,536
816,536
133,537
186,537
852,537
281,537
947,537
804,537
277,537
57,537
901,537
783,537
138,537
60,537
826,537
617,537
573,538
845,538
876,538
310,539
794,539
287,539
666,539
627,539
289,539
494,539
981,539
863,539
176,539
56,539
253,539
919,539
580,539
193,539
983,539
356,539
915,540
792,540
63,540
765,540
678,540
491,540
366,540
519,540
302,540
849,540
286,540
308,540
85,540
326,540
958,540
644,540
973,541
829,541
432,542
309,542
189,542
830,542
131,542
887,542
806,542
512,542
19,542
893,542
609,542
416,542
641,542
427,543
511,543
346,543
493,543
413,543
31,543
75,543
829,543
281,543
920,543
966,543
763,543
533,543
270,544
459,544
915,544
93,544
954,544
139,544
725,544
206,545
12,545
997,545
242,545
498,546
561,546
671,546
633,546
319,546
943,546
615,546
139,546
342,546
482,546
18,546
526,546
278,546
540,546
902,546
981,547
801,547
929,547
92,547
615,547
188,547
367,547
409,547
28,547
803,547
806,547
887,547
397,547
975,547
917,548
989,548
216,548
444,548
797,548
862,548
234,548
566,548
112,548
435,548
516,548
226,548
73,548
835,548
156,548
481,548
553,548
726,548
368,548
326,549
908,549
637,550
994,550
88,550
765,550
279,550
295,550
783,550
369,550
144,551
814,551
454,551
494,551
129,551
794,551
681,551
969,551
804,552
198,552
420,552
641,552
782,552
451,552
358,552
371,552
31,552
909,552
877,552
447,552
388,552
926,552
67,552
788,552
816,552
582,552
536,552
783,553
482,553
148,553
246,553
295,553
496,553
492,553
994,553
442,553
959,553
691,553
56,553
470,553
290,553
112,553
831,554
407,554
719,554
810,554
838,554
734,554
78,554
427,554
775,554
448,554
220,554
129,555
184,555
510,555
33,555
790,555
598,555
831,555
762,555
406,555
67,555
989,555
788,555
629,555
941,555
794,555
951,556
870,556
121,556
351,556
643,556
68,556
374,556
87,557
930,557
959,557
111,558
112,558
509,558
709,558
681,558
619,558
5,558
655,558
560,558
822,558
455,558
641,558
707,558
304,558
298,558
836,558
719,558
690,558
771,559
711,559
880,559
365,559
840,559
492,559
599,559
318,559
691,559
800,559
162,559
883,559
416,560
991,560
468,560
755,560
526,560
863,560
535,560
306,560
493,560
864,560
775,560
78,560
157,560
454,560
149,561
93,561
309,561
826,561
173,561
58,561
731,561
304,561
546,561
575,561
557,561
420,561
80,561
683,562
879,562
981,562
790,563
354,563
36,563
264,563
117,563
887,563
28,563
617,563
456,563
406,563
50,563
926,563
351,563
747,563
789,563
626,563
960,563
127,563
638,563
130,564
801,564
256,564
69,564
305,564
933,564
179,564
159,564
727,564
472,564
153,564
389,565
543,565
961,565
794,565
774,565
11,565
282,565
731,565
176,565
719,565
651,565
232,565
977,565
564,565
175,565
467,566
554,566
203,566
860,566
202,566
822,566
515,566
849,566
534,566
349,567
609,567
156,567
642,567
695,568
349,568
565,568
7,568
504,568
400,568
879,568
411,568
964,568
790,568
253,568
114,568
232,568
483,568
197,568
163,568
205,568
993,569
530,569
288,569
289,569
133,569
298,569
2,569
900,569
778,569
800,569
942,569
756,569
389,569
599,569
503,570
836,570
79,570
679,570
371,570
1,570
264,570
985,570
299,570
624,570
332,570
916,571
864,571
341,571
731,571
34,571
724,571
961,571
704,571
742,571
178,571
616,571
723,571
524,571
748,571
486,571
149,572
706,572
107,573
419,573
648,573
218,573
826,573
73,573
391,573
419,573
483,573
678,573
693,573
277,573
544,573
613,573
712,573
638,573
679,573
579,573
86,574
260,574
607,574
801,574
834,574
325,574
886,574
546,574
796,574
196,574
972,574
522,574
496,574
871,574
70,574
960,574
994,574
939,575
150,575
296,575
956,575
877,575
495,575
530,575
572,575
335,575
260,576
865,576
172,576
336,576
467,577
589,577
682,577
294,577
498,577
78,577
239,577
943,577
618,577
317,577
200,577
466,577
320,577
668,577
949,577
517,577
22,578
658,578
750,578
648,579
895,579
594,580
752,580
376,580
33,580
844,580
69,580
999,580
11,580
526,580
245,580
137,580
892,580
973,580
721,580
693,580
129,580
552,580
358,580
67,581
422,581
642,581
256,581
30,581
61,581
853,581
611,581
198,581
478,581
599,581
671,581
862,581
41,582
282,582
318,582
362,582
521,582
899,582
528,582
633,582
449,582
168,582
437,582
519,582
570,582
537,582
720,583
447,583
289,583
416,584
898,584
926,584
385,584
233,584
779,584
193,584
170,584
948,584
145,584
120,584
207,584
388,585
964,585
635,585
777,585
54,585
685,585
481,585
764,585
71,585
541,585
494,585
715,585
993,585
491,585
747,585
348,585
249,585
319,585
157,585
280,585
703,586
809,586
762,586
6,586
609,587
712,587
137,587
405,587
858,588
436,588
968,588
308,588
587,588
906,588
442,588
989,588
624,588
526,588
706,589
805,589
943,589
788,589
824,589
898,589
584,589
901,589
41,589
736,589
671,589
730,590
883,590
450,590
125,590
251,590
10,590
274,590
69,590
356,590
578,590
961,590
397,590
638,590
703,590
869,590
861,590
726,590
497,590
520,591
211,591
516,591
356,591
659,591
185,591
708,591
140,591
728,591
436,591
472,591
232,591
466,591
356,591
718,591
212,592
514,592
460,592
190,592
301,592
525,592
533,592
640,592
534,592
416,592
190,592
412,592
336,592
122,593
162,593
749,593
497,593
31,593
298,593
974,593
291,593
342,593
952,593
757,593
934,593
540,594
390,594
765,594
868,594
499,594
582,594
930,594
809,594
966,594
480,595
572,595
164,595
623,595
205,595
338,595
862,595
998,595
947,595
181,595
779,595
317,595
785,595
736,595
938,596
403,596
813,596
604,596
951,596
154,596
475,596
868,596
62,596
319,596
333,596
835,596
251,596
158,596
309,596
15,596
718,596
871,597
804,597
105,597
716,597
301,597
450,597
601,597
125,597
820,597
119,597
407,598
813,598
969,598
522,598
446,598
353,598
866,598
616,598
625,598
875,598
108,598
106,598
368,598
631,598
485,598
719,598
138,598
549,599
340,599
139,599
489,599
723,600
931,600
450,600
364,600
307,600
656,600
411,600
986,600
309,600
654,600
438,601
594,601
724,601
230,601
558,601
261,601
895,601
433,601
458,601
612,601
841,601
981,601
330,601
349,602
546,602
675,602
749,602
96,602
759,602
72,602
300,602
528,602
164,602
418,602
6,602
515,602
708,602
802,602
711,602
799,602
909,602
998,602
364,603
545,603
346,603
365,603
727,603
183,603
411,603
406,604
761,604
807,604
594,604
690,604
999,604
86,604
649,604
552,604
252,604
767,604
137,604
872,604
762,605
136,605
626,605
710,605
114,605
69,605
722,606
592,606
537,606
713,606
463,606
15,606
516,606
321,606
35,606
556,606
600,606
567,606
773,606
994,606
911,606
472,606
953,606
323,607
208,607
237,608
700,608
631,608
24,608
509,608
522,608
950,608
353,608
261,608
719,608
873,608
481,608
812,608
849,608
137,608
295,608
411,609
486,609
744,609
500,609
187,609
260,609
23,609
399,609
560,609
73,609
656,609
820,609
372,609
89,609
776,609
103,610
922,610
753,610
458,610
920,610
938,610
223,610
282,610
429,610
73,610
454,610
582,610
657,610
564,610
891,611
67,611
90,611
994,611
406,611
345,611
114,611
695,611
117,611
881,611
743,611
99,611
229,611
790,611
8,611
896,611
346,611
364,611
604,612
599,612
477,612
216,612
1,613
976,613
82,613
682,613
832,613
53,613
773,613
213,613
285,613
83,613
682,613
931,613
180,613
356,613
913,613
146,613
631,613
770,613
104,613
796,614
522,614
325,614
887,614
536,614
210,614
282,615
517,615
433,615
98,615
362,615
415,615
4,615
484,615
889,615
450,615
469,616
899,616
896,616
858,616
961,616
303,616
634,616
105,616
758,616
145,616
673,616
961,616
22,616
499,617
620,617
16,617
814,617
317,617
510,617
935,618
658,618
91,618
50,618
709,618
36,618
586,618
847,618
393,618
372,618
848,618
12,618
608,618
666,619
490,619
229,619
278,619
545,619
663,619
555,619
490,619
581,619
462,619
483,619
230,620
551,620
600,620
571,620
690,620
174,620
577,620
339,620
964,620
368,620
864,620
241,620
230,620
717,620
965,621
208,621
338,621
616,621
513,621
974,621
76,621
448,621
596,621
849,621
54,621
592,621
803,621
330,621
517,621
248,621
201,621
538,621
801,621
276,622
824,622
588,622
246,622
63,622
350,622
641,622
570,622
245,622
629,622
261,622
893,622
245,622
444,622
558,622
31,622
958,623
14,623
600,623
215,623
381,623
929,624
739,624
785,624
169,624
515,625
939,625
613,625
807,625
528,625
205,625
759,625
760,625
95,626
665,626
939,626
326,626
948,626
466,626
632,626
426,626
629,626
360,626
561,626
116,626
10,626
431,627
558,627
488,627
286,627
125,627
94,627
151,627
527,627
331,627
449,627
169,627
615,627
19,627
269,627
715,627
814,628
169,628
334,628
106,628
493,628
47,628
837,628
219,628
908,628
950,628
607,628
760,628
391,628
317,628
80,628
149,628
615,629
470,629
833,629
766,629
278,629
459,629
175,629
668,629
118,629
964,630
297,630
144,630
221,630
585,630
349,630
553,630
29,630
391,630
402,630
435,630
410,630
613,630
120,630
546,630
570,630
476,630
887,631
217,631
926,631
416,631
552,631
37,631
250,631
264,632
362,632
965,632
50,632
284,633
511,633
674,633
930,633
801,633
161,634
521,634
235,634
165,634
596,634
366,634
809,634
41,634
883,634
126,634
74,634
970,634
540,634
610,634
744,634
917,634
714,634
767,634
66,635
537,635
715,635
616,635
61,636
545,636
416,636
515,636
948,636
310,636
211,636
375,636
954,636
565,636
836,636
967,637
582,637
470,637
811,637
718,637
590,637
119,637
315,637
75,637
356,637
36,637
622,637
689,637
266,637
516,637
285,637
905,637
189,637
462,637
526,638
257,638
786,638
225,638
37,638
29,638
301,638
275,638
49,638
313,638
368,638
367,638
757,638
228,638
779,638
987,638
40,638
836,638
816,638
525,638
225,639
643,639
979,639
228,639
958,640
392,640
459,640
999,641
245,641
64,641
492,641
868,641
771,641
256,641
135,641
323,641
823,641
281,641
713,641
341,641
106,641
405,642
622,642
817,642
735,642
781,642
511,642
458,642
898,642
263,642
865,642
486,642
490,642
459,642
533,643
535,643
404,643
790,643
163,643
136,643
408,643
665,643
866,643
254,643
867,644
520,644
47,644
685,644
286,644
738,644
206,644
295,644
421,644
504,644
627,644
388,644
102,644
367,644
135,644
976,645
45,645
442,645
453,645
128,645
770,645
849,645
198,645
116,645
88,645
839,645
369,645
1,646
823,646
571,646
610,646
746,646
470,646
261,646
121,646
484,646
747,646
50,646
394,646
122,647
317,647
74,647
200,647
583,647
643,647
871,647
235,647
183,647
755,647
440,648
966,648
375,648
970,648
547,648
368,649
722,649
525,649
979,649
876,649
898,649
965,649
158,649
422,649
494,649
237,649
675,649
491,649
37,649
175,649
113,649
319,649
551,649
554,649
890,649
658,650
679,650
931,650
998,650
382,650
255,650
165,650
31,650
14,650
403,651
191,651
936,651
352,651
938,652
115,652
9,652
318,652
112,653
620,653
579,653
221,653
115,653
470,653
652,653
366,653
630,653
90,653
696,653
286,653
628,653
660,653
237,653
67,653
998,654
789,654
915,654
491,654
917,655
159,655
299,655
484,655
968,655
941,655
89,655
645,655
417,655
983,655
386,655
901,655
357,655
304,656
516,656
446,657
938,657
984,657
52,658
621,658
85,658
178,658
346,658
505,658
22,658
600,658
285,658
607,658
989,658
383,659
89,659
462,659
292,659
762,659
650,659
163,659
543,659
236,659
355,659
805,659
779,659
768,659
706,660
640,660
88,660
509,660
514,660
30,660
919,660
783,660
678,660
693,660
539,660
4,660
352,660
589,660
445,660
600,661
780,661
774,661
648,661
274,661
574,661
674,661
456,661
92,661
558,661
167,661
69,661
498,661
790,661
314,661
878,661
3,661
525,661
520,661
574,662
171,662
956,662
155,662
585,662
298,662
501,662
451,662
549,662
192,662
666,663
572,663
171,663
802,663
334,664
828,664
76,664
147,664
749,664
609,664
361,664
626,664
858,664
101,664
406,664
159,664
974,664
944,664
342,665
348,665
320,665
153,665
702,665
943,665
215,666
744,666
969,666
821,666
19,666
104,666
916,666
331,666
245,666
20,666
479,666
451,666
817,666
284,666
5,667
214,667
317,667
94,667
557,667
838,667
846,667
483,667
696,667
678,667
77,667
766,667
550,667
608,668
338,668
469,668
517,669
277,669
401,669
563,669
838,669
819,669
605,669
474,669
755,669
95,669
313,669
49,669
370,669
267,669
165,669
751,670
197,670
676,670
566,670
148,670
552,670
548,670
738,670
194,671
914,671
142,671
131,671
84,671
728,671
922,671
719,671
804,672
825,672
400,672
185,672
265,672
139,672
1000,672
903,672
360,672
748,672
991,672
694,672
456,672
821,672
976,672
872,673
974,673
134,673
390,673
52,673
158,673
805,673
696,673
503,673
83,673
113,673
415,673
692,673
144,673
878,674
634,674
982,674
565,674
86,675
777,675
747,675
315,675
194,675
52,675
689,675
582,675
69,675
42,675
780,675
340,675
783,675
575,675
153,675
636,675
256,675
26,675
671,676
839,676
418,676
498,677
717,677
548,677
98,677
74,677
6,677
238,677
728,677
772,677
94,677
36,677
192,677
829,677
292,678
3,678
144,678
383,678
305,678
580,678
487,679
757,679
740,679
391,679
634,679
75,679
976,679
376,679
759,679
679,679
820,679
287,679
401,679
366,679
673,679
135,679
873,679
157,679
501,679
373,680
703,680
300,680
157,680
228,680
842,680
293,680
284,681
275,681
911,681
198,681
86,681
885,681
785,681
947,681
849,681
388,681
720,681
924,681
681,681
446,681
293,681
216,681
278,681
772,682
659,682
885,683
586,683
890,683
46,683
858,683
979,683
837,683
742,683
506,683
756,683
852,683
690,684
629,684
686,684
210,684
696,684
529,684
605,684
445,684
101,684
104,684
315,684
179,684
6,685
461,685
703,685
743,685
360,685
749,685
521,686
976,686
230,686
536,686
863,686
314,686
425,686
412,686
401,686
69,686
531,686
621,686
396,686
940,686
654,686
569,686
621,687
571,687
638,687
168,687
229,687
773,687
557,687
309,687
775,687
688,688
832,688
786,688
664,688
436,688
90,688
169,688
978,688
560,688
599,688
897,688
823,688
853,688
139,688
530,689
296,689
28,689
486,689
186,689
538,689
944,689
44,689
201,689
141,690
481,690
129,690
829,690
742,690
482,690
752,690
713,690
641,690
742,690
231,690
440,690
27,691
465,691
417,691
937,691
698,691
786,691
54,691
440,691
992,691
141,692
744,692
725,692
840,692
315,692
25,692
637,692
846,692
974,692
835,692
634,692
597,692
218,692
570,692
683,692
896,693
667,693
285,693
261,693
328,694
914,694
398,694
374,694
366,694
606,694
809,694
870,694
441,694
790,694
299,694
788,694
662,694
586,694
197,694
561,694
7,695
620,695
24,695
888,695
923,695
359,695
686,695
954,695
972,695
702,695
273,695
905,695
305,695
739,695
798,695
523,695
954,695
748,695
346,695
501,695
787,696
975,696
430,696
898,696
99,696
122,696
362,696
878,696
333,696
805,696
560,696
313,696
674,696
896,697
654,697
924,697
834,697
414,698
878,698
948,698
1000,698
805,698
374,698
346,698
769,698
965,698
223,698
773,698
735,698
508,698
555,698
87,698
650,698
717,698
839,698
58,699
851,699
726,699
252,699
660,699
527,699
156,699
769,699
147,699
33,699
483,699
508,700
485,700
533,700
983,700
592,700
861,700
870,700
377,700
65,700
785,700
859,700
126,700
995,700
715,701
653,701
859,701
980,701
320,701
677,701
309,701
602,702
262,702
469,702
996,702
633,702
249,702
436,702
994,702
301,702
194,702
583,702
312,702
167,702
490,702
324,703
123,703
177,703
855,703
990,703
474,703
206,703
336,703
852,703
569,703
783,703
897,704
774,704
196,704
218,704
780,704
720,704
7,704
496,704
534,704
683,704
27,704
773,704
438,704
419,704
902,704
777,704
458,704
326,704
549,705
369,705
43,705
520,705
705,705
319,705
636,705
940,705
487,705
158,705
283,705
22,705
863,705
725,705
765,705
875,705
598,705
676,705
67,706
36,706
110,706
505,706
465,706
278,706
474,706
424,706
276,706
661,706
306,706
467,706
920,706
497,707
660,707
663,708
311,708
467,708
593,708
347,708
992,708
435,709
576,709
281,709
739,709
152,709
271,709
893,709
610,709
712,709
398,709
803,709
132,709
265,709
540,709
72,710
468,710
71,710
358,710
301,710
287,711
38,711
163,711
919,711
106,711
148,711
909,711
375,711
330,711
119,711
335,711
852,711
24,711
238,711
124,711
754,711
864,711
333,711
824,712
638,712
849,712
607,712
191,712
318,712
480,712
892,712
177,712
113,712
125,713
656,713
646,713
788,713
26,713
58,713
567,714
310,714
569,714
742,714
257,714
559,714
169,714
642,714
278,714
646,715
230,715
378,715
848,715
515,715
439,715
577,715
378,715
958,715
915,715
554,715
158,715
639,715
660,716
960,716
849,716
188,716
705,716
323,716
402,716
923,716
610,716
936,716
551,716
341,716
784,716
132,716
774,716
782,716
629,716
843,716
569,717
644,717
837,718
915,718
681,718
489,718
931,718
291,718
876,718
262,718
264,718
222,718
632,718
440,718
968,718
790,718
729,718
894,718
36,718
984,719
743,719
268,720
821,720
489,720
110,720
171,720
793,720
456,720
596,720
885,720
383,720
410,720
40,720
384,720
752,720
940,720
188,720
761,720
685,720
536,720
91,721
905,721
182,721
451,721
295,721
619,721
373,721
919,721
886,721
468,721
494,721
240,721
660,722
476,722
95,723
564,723
420,723
689,724
258,724
806,724
679,724
546,724
540,724
917,724
788,724
107,724
562,725
449,725
214,725
718,725
114,725
636,725
205,725
660,725
958,725
897,725
151,725
173,726
699,726
309,726
432,726
244,726
279,726
336,726
397,726
381,727
531,727
135,727
872,727
430,727
809,727
633,727
614,728
808,728
890,728
966,729
339,729
855,729
339,729
608,729
140,729
918,729
717,729
375,729
348,729
462,729
829,730
680,730
763,730
867,730
877,730
528,730
613,730
311,730
775,730
680,730
508,730
372,730
100,730
651,730
839,730
119,731
426,731
495,731
826,731
159,731
758,731
803,731
684,731
165,731
145,731
437,732
954,732
93,733
634,733
783,734
117,734
652,734
571,734
195,734
450,735
18,735
914,735
261,736
256,736
616,736
306,736
331,736
405,736
560,736
559,736
685,736
24,736
813,736
455,736
474,737
826,737
505,737
344,737
519,737
851,737
58,737
485,738
161,738
837,738
886,738
970,738
907,738
641,738
293,738
463,738
246,738
656,738
171,738
7,739
319,739
70,739
933,739
545,739
4,739
4,739
452,739
890,740
715,740
961,740
679,740
125,740
368,741
55,741
105,741
571,741
745,741
311,741
495,741
727,741
234,741
671,741
361,741
799,741
617,741
716,741
658,741
498,742
443,742
441,742
202,742
23,742
658,743
690,743
927,743
647,743
361,743
824,743
14,743
376,743
43,743
446,743
125,743
825,743
208,743
83,743
908,743
603,743
965,744
829,744
856,744
903,744
824,744
296,744
844,744
676,744
167,744
994,744
461,744
324,744
586,744
541,744
836,744
838,744
453,744
503,744
90,744
649,744
315,745
370,745
31,745
581,745
117,745
629,745
930,745
604,745
190,746
777,746
137,746
359,746
411,746
23,746
165,746
413,746
342,746
828,746
532,746
128,746
236,746
535,746
763,746
370,747
606,747
630,747
992,747
902,747
762,747
804,747
148,747
229,748
36,748
105,748
739,748
133,748
831,748
421,748
126,748
939,749
630,749
892,749
202,749
947,749
654,749
464,749
79,750
806,750
73,750
319,750
459,750
658,750
752,750
727,750
676,750
571,750
435,750
912,750
65,750
596,750
748,750
622,750
723,751
347,751
896,751
725,751
107,751
741,751
462,751
428,751
604,751
167,751
553,751
536,751
915,752
813,752
309,752
578,752
63,752
895,752
48,752
604,752
510,753
257,753
297,753
329,754
519,754
394,754
410,754
102,755
124,755
415,755
758,755
643,755
286,755
111,755
741,755
447,755
424,755
989,755
201,756
899,756
724,756
587,756
366,756
928,756
631,756
364,756
865,756
400,756
675,756
556,756
348,756
55,756
680,756
563,756
566,757
809,757
265,757
788,757
238,758
795,758
898,758
300,758
392,758
24,758
849,758
814,758
577,758
45,758
938,758
771,758
123,758
96,759
43,759
710,759
204,759
776,759
714,759
975,759
409,759
607,759
416,759
94,759
153,759
868,759
343,759
879,759
247,759
115,759
615,760
409,760
947,760
199,760
483,760
636,760
700,760
91,760
869,760
268,761
932,761
298,761
484,761
198,761
48,761
363,761
539,761
690,761
141,761
281,761
99,761
960,761
685,761
140,762
13,762
558,762
452,762
267,762
96,762
767,762
158,762
338,762
720,762
75,762
122,762
736,762
749,762
802,762
224,763
609,763
130,763
577,763
886,763
317,763
106,764
639,764
214,764
698,764
393,764
548,764
504,764
302,764
313,764
416,764
453,764
173,764
654,764
491,764
84,764
869,764
687,764
684,764
91,765
677,765
973,765
735,765
936,765
920,765
186,765
906,765
185,765
618,765
426,765
617,765
820,765
89,765
341,766
963,766
79,766
162,766
5,766
555,766
225,766
32,766
373,766
737,766
806,766
906,766
365,766
564,766
903,766
552,766
148,766
740,766
834,767
407,767
257,767
212,767
287,767
161,767
902,767
689,767
982,767
696,768
453,768
396,768
738,768
319,768
548,768
175,768
864,768
316,768
980,768
926,768
999,768
283,768
611,769
661,769
215,769
38,769
192,769
704,769
372,769
44,769
232,769
327,769
575,769
429,769
927,769
183,770
1000,770
705,770
989,771
951,771
249,771
306,771
198,771
2,771
317,771
97,771
652,771
975,771
77,771
811,772
382,772
273,772
716,772
730,772
783,772
405,772
741,772
945,772
763,772
537,772
852,772
677,772
381,772
963,773
977,773
770,773
69,773
764,773
154,773
432,773
109,773
932,773
526,773
481,773
360,773
940,774
548,774
710,774
884,774
239,774
97,774
411,774
632,774
425,774
794,774
57,774
677,774
365,774
92,775
681,775
39,775
977,775
858,775
85,775
833,775
15,775
43,775
539,775
389,775
78,775
556,775
513,775
51,775
81,775
943,775
96,776
879,776
681,776
139,776
32,776
450,776
808,776
241,776
930,776
47,776
840,776
433,776
633,776
173,776
534,776
304,776
240,776
607,776
228,776
821,776
145,777
358,777
634,777
952,777
831,777
409,777
132,777
766,777
489,777
90,777
54,777
427,777
457,777
745,777
243,777
940,777
975,777
962,777
872,778
726,778
377,778
63,779
943,779
493,779
664,779
748,779
324,779
205,779
835,779
950,779
747,779
144,779
252,779
84,779
547,779
554,779
950,779
413,780
545,780
469,780
575,780
694,780
814,780
165,780
72,780
63,781
289,781
795,782
387,782
974,782
487,782
177,782
846,782
155,782
713,782
564,782
816,782
391,782
885,782
347,782
770,782
296,783
232,783
163,783
459,783
993,784
949,784
772,784
520,784
226,784
730,784
131,784
904,784
411,784
670,784
937,784
272,784
945,784
691,784
395,784
630,784
822,784
157,784
535,784
4,784
276,785
284,785
621,785
66,785
9,785
261,785
36,785
47,785
380,786
601,786
202,787
834,787
831,787
38,787
914,787
902,787
457,787
828,787
908,787
673,787
571,787
711,788
198,788
16,788
148,788
14,788
80,788
121,789
347,789
658,789
568,789
707,789
711,789
341,789
419,789
149,789
740,789
330,790
98,790
834,790
334,790
720,790
538,790
929,791
649,791
841,791
978,791
51,791
7,791
127,791
795,791
318,791
846,791
41,791
546,791
818,791
87,791
872,791
587,791
546,792
1,792
217,792
473,792
957,792
893,792
663,792
503,792
471,792
426,793
453,793
196,794
874,794
238,794
826,794
50,794
497,794
585,794
736,794
372,794
766,795
534,795
687,795
504,795
251,795
880,795
958,795
33,795
953,795
78,795
45,795
363,795
958,795
605,795
766,795
555,796
892,796
348,796
28,796
609,796
667,796
864,796
30,796
270,796
922,796
33,796
369,796
86,796
358,796
715,796
322,796
501,796
752,797
478,797
361,797
230,797
163,797
156,798
245,798
301,798
792,798
326,798
186,798
275,798
741,799
215,799
969,799
597,799
417,799
190,799
979,799
752,800
464,800
848,800
842,800
756,800
588,800
242,800
211,800
3,800
286,800
753,800
415,800
583,800
931,800
427,800
527,800
103,800
135,801
126,801
790,801
530,801
556,801
754,801
902,801
258,802
189,802
414,802
355,802
665,802
374,802
656,802
169,802
94,802
448,802
420,802
346,802
122,802
823,802
526,802
716,802
332,802
162,802
371,802
151,803
770,803
423,803
980,803
69,803
687,803
116,803
105,803
755,803
425,803
729,803
875,803
591,803
576,803
601,803
435,803
207,803
505,803
888,803
176,803
494,804
665,804
125,804
304,804
792,804
256,804
999,805
296,805
540,805
504,805
737,805
472,805
321,806
16,806
194,806
725,806
257,807
154,807
630,807
35,807
746,807
451,808
427,808
620,808
276,808
916,808
11,808
826,808
51,808
210,808
235,808
126,808
73,808
84,808
16,809
29,809
388,809
798,809
78,809
711,809
678,809
706,809
210,809
141,809
74,809
782,809
32,809
986,809
574,810
766,810
300,810
171,810
89,810
680,810
305,810
495,810
177,810
603,810
349,810
654,810
865,810
562,810
953,810
308,810
171,810
822,810
628,810
305,810
312,811
893,811
493,811
447,811
478,811
844,811
943,811
166,811
546,811
411,811
316,811
345,811
382,811
43,812
347,812
772,812
107,812
1,812
313,812
174,812
876,812
944,812
455,812
324,812
882,812
356,812
528,812
593,812
408,813
436,813
720,813
602,813
393,813
783,813
343,813
227,813
261,813
555,813
653,813
746,813
918,813
722,813
948,814
578,814
773,814
700,814
975,814
557,814
631,814
822,814
985,815
493,815
271,815
125,815
640,815
863,815
334,815
192,815
98,815
633,815
300,815
41,815
516,816
111,816
231,816
397,816
408,816
759,816
766,816
267,816
833,816
330,816
457,816
739,817
213,817
833,817
704,817
508,817
742,817
759,817
604,817
380,817
422,817
643,817
839,817
736,817
648,817
360,817
538,817
959,818
120,818
49,818
613,818
50,818
569,818
954,818
103,818
940,818
862,818
911,818
96,818
425,818
701,818
50,818
130,819
632,819
254,819
233,819
84,819
848,819
553,819
607,819
133,819
464,819
865,820
290,820
587,820
622,820
53,820
987,821
999,821
362,821
49,821
154,821
713,821
20,821
350,821
746,821
395,821
693,821
902,821
779,821
514,821
225,821
624,821
549,821
251,821
26,821
663,821
852,822
961,822
741,822
193,822
982,822
94,823
20,823
375,823
965,823
126,823
907,824
645,824
652,824
149,824
583,824
913,824
902,824
373,824
368,825
857,825
553,825
763,825
189,825
123,826
710,826
314,826
179,826
314,826
366,826
27,826
630,826
227,826
137,826
961,826
11,826
902,826
320,826
994,826
442,826
858,826
130,826
293,827
29,827
130,827
47,827
313,827
252,827
436,827
31,827
872,827
898,827
796,827
41,827
291,827
813,827
585,827
322,828
8,828
889,828
457,828
420,828
154,828
508,828
317,828
416,829
165,829
673,829
884,829
940,829
628,829
488,829
311,829
840,829
1000,829
119,829
851,829
94,829
695,830
307,830
718,830
925,830
841,830
322,830
56,831
741,831
578,831
495,831
930,832
519,832
538,832
781,832
714,832
980,832
199,832
460,832
673,832
727,832
901,832
108,833
373,833
426,833
302,833
356,833
383,833
705,833
300,833
703,833
770,834
389,834
195,835
874,835
446,836
150,836
9,837
516,837
879,837
907,837
282,837
718,837
798,837
212,837
209,837
571,837
622,837
758,837
442,838
466,838
676,838
298,838
484,838
74,838
164,838
965,838
804,838
491,839
203,839
607,839
129,839
210,839
133,839
793,839
276,839
856,839
400,839
608,839
939,839
224,839
152,839
39,839
297,839
478,840
966,840
625,840
825,841
913,841
627,841
186,841
466,842
952,842
858,842
285,842
149,842
803,842
399,842
986,842
950,842
249,842
254,842
714,843
351,843
788,843
751,843
21,843
71,843
801,843
154,843
582,843
646,843
6,843
699,843
361,843
614,844
77,844
236,844
711,844
285,844
821,844
856,844
207,844
807,844
135,844
152,844
966,845
6,845
889,845
622,845
87,845
745,845
580,845
945,846
722,846
573,846
404,846
848,846
773,846
654,846
733,846
191,846
658,846
156,846
927,846
612,846
676,846
922,846
204,846
860,846
406,846
609,846
684,846
43,847
871,847
288,847
887,847
937,847
997,847
433,847
92,847
535,847
171,847
333,847
76,847
405,847
1,847
43,848
434,848
138,848
468,848
956,848
488,848
546,848
907,848
695,848
272,848
489,849
174,849
90,849
847,849
12,849
329,849
96,849
806,849
198,849
166,849
905,849
794,849
549,849
470,849
314,849
761,849
275,849
444,849
256,849
228,849
936,850
818,850
957,850
410,850
385,850
846,850
3,850
975,850
180,850
979,850
537,851
739,851
450,852
692,852
432,853
242,853
950,853
97,853
953,853
353,853
737,853
147,853
673,853
939,853
309,853
221,853
487,854
83,854
547,854
358,854
167,854
122,854
503,854
676,854
978,854
760,854
606,854
342,854
140,854
253,854
688,854
577,855
10,855
472,855
69,855
929,855
383,855
895,855
102,855
309,855
405,855
915,855
858,855
752,855
343,855
926,856
485,856
767,856
765,856
347,856
456,856
545,856
600,856
562,856
233,856
64,856
933,857
896,857
324,857
585,857
923,857
778,857
298,857
890,857
2,857
599,857
790,857
782,857
11,857
210,857
327,857
356,857
165,858
578,858
585,858
331,858
31,858
889,858
85,858
314,858
352,858
953,858
191,858
878,859
372,859
523,859
543,859
181,860
595,860
44,860
442,860
267,860
977,861
917,861
943,861
594,862
437,862
878,862
900,863
991,863
990,863
753,864
367,864
578,864
852,864
585,865
742,865
721,865
655,865
938,865
777,865
642,865
883,865
207,865
206,865
858,865
806,865
780,865
252,865
3,865
73,865
118,865
777,865
604,865
907,866
882,866
889,866
205,866
167,866
82,866
554,866
160,866
646,866
395,866
877,866
667,866
457,866
2,866
696,866
928,866
283,866
929,866
224,867
226,867
312,867
174,867
934,867
56,867
360,867
400,867
33,867
515,867
843,867
641,867
90,867
475,867
467,867
845,867
207,867
851,868
548,868
127,868
211,868
611,868
905,868
359,868
901,868
33,869
312,869
740,869
825,869
238,869
703,869
846,869
670,869
654,869
502,869
148,869
210,869
512,869
164,869
961,869
123,869
936,869
606,869
826,869
775,869
698,870
512,870
182,870
255,870
962,870
569,870
105,870
702,870
456,870
340,870
840,870
824,870
566,871
866,871
593,871
846,871
360,871
350,871
434,871
137,871
901,871
696,871
728,871
346,871
496,871
871,871
548,871
884,871
171,871
71,871
1,872
433,872
620,872
718,872
417,872
966,872
267,872
86,872
761,872
592,872
89,872
236,872
570,872
741,872
378,872
815,872
347,872
514,872
200,873
250,873
230,874
997,874
682,874
574,874
906,874
242,874
146,874
3,874
482,874
43,875
859,875
689,876
9,876
106,876
872,876
759,876
183,876
422,876
367,876
354,876
737,876
240,876
614,876
476,876
477,876
32,876
158,876
723,876
986,876
454,876
312,876
482,877
312,877
189,877
392,877
52,877
532,877
679,877
424,877
530,877
855,877
955,877
392,877
521,877
111,877
385,877
738,878
507,878
277,878
775,878
55,878
683,878
752,878
845,878
968,878
961,878
472,878
507,878
130,878
690,878
910,878
289,878
232,878
513,878
669,879
734,879
127,879
775,879
90,879
904,879
937,879
376,879
570,879
511,879
124,879
414,879
661,879
756,879
377,879
724,880
538,880
371,880
945,880
521,880
181,880
839,880
763,880
988,880
370,880
18,880
131,880
75,880
470,880
391,881
761,881
988,881
337,881
64,881
428,881
440,881
6,881
921,881
789,881
758,881
208,881
787,881
255,881
284,881
395,881
942,881
741,881
363,881
187,881
490,882
381,882
658,882
106,882
882,882
60,882
614,882
817,883
966,883
150,883
91,883
611,883
947,883
139,883
83,884
793,884
726,884
741,884
749,884
263,884
511,884
67,884
116,884
975,884
429,885
398,885
616,885
975,885
509,885
243,885
835,885
761,885
863,885
796,885
886,885
522,885
136,885
374,886
54,886
327,886
716,886
250,886
534,886
46,886
233,886
204,887
389,887
881,888
19,888
845,888
443,888
53,888
148,888
785,888
630,888
739,889
891,889
300,889
674,889
507,889
955,889
321,889
918,889
898,889
444,889
863,890
544,890
219,890
678,890
235,890
34,890
709,890
802,890
324,890
575,890
482,890
568,890
413,890
45,890
372,890
788,891
524,891
239,891
481,891
701,891
128,892
621,892
285,892
264,892
620,892
658,892
972,892
859,892
6,893
256,893
763,893
695,893
406,893
205,893
952,893
772,893
222,893
580,893
653,893
57,893
710,894
198,894
287,894
902,894
788,894
188,894
659,895
46,895
778,895
236,895
829,895
631,895
633,895
735,895
604,895
914,895
922,895
485,895
132,895
976,895
711,895
561,895
66,895
866,895
631,895
759,896
196,896
724,896
621,896
53,897
163,897
787,897
193,897
492,897
420,897
62,897
125,897
685,898
379,898
178,898
3,898
72,899
580,899
449,899
727,899
171,899
30,899
777,899
649,899
694,899
789,899
624,899
877,899
715,899
113,899
651,899
386,899
739,900
592,900
816,900
492,900
219,900
369,900
835,900
41,900
343,900
75,900
83,900
696,900
336,900
718,900
555,900
552,901
584,901
731,901
90,901
962,901
817,902
589,902
639,902
133,902
394,902
110,902
803,902
359,902
301,902
561,902
860,902
651,902
242,902
116,902
785,902
743,902
741,902
162,903
426,903
878,903
211,903
330,903
650,903
523,903
796,903
944,903
805,903
708,903
666,903
127,903
390,904
247,904
223,904
686,904
630,904
817,904
378,904
928,904
721,904
499,904
773,904
329,904
979,904
347,904
567,904
645,905
85,905
354,905
58,905
435,905
387,905
155,905
349,905
567,905
60,905
52,905
322,905
192,905
168,905
105,906
931,906
893,906
919,906
794,906
539,906
915,906
755,906
997,906
725,907
547,907
968,907
899,907
205,907
431,907
302,907
56,907
511,907
51,907
996,907
596,907
6,908
733,908
950,908
637,909
231,909
987,909
682,909
972,909
74,909
126,909
864,909
882,909
2,909
875,909
539,910
954,910
491,910
804,910
752,910
530,910
593,910
45,911
732,911
579,911
842,911
582,911
973,911
137,911
874,911
250,911
375,911
372,911
567,911
94,911
741,912
7,912
858,912
790,912
785,912
760,912
693,912
45,912
607,912
50,912
702,912
299,912
469,912
619,913
486,913
259,913
294,913
574,913
106,913
925,913
542,913
745,913
71,913
891,913
516,914
901,914
856,914
910,914
150,914
454,914
818,914
48,914
89,915
454,915
381,915
674,915
44,915
813,915
757,915
278,915
922,915
819,915
35,915
489,915
738,916
460,916
530,916
18,916
452,916
478,916
505,916
673,916
593,916
171,916
268,916
924,916
960,916
377,916
864,916
109,916
601,916
676,916
120,916
150,916
293,917
361,917
462,917
509,917
372,917
487,917
484,917
245,918
993,918
532,918
83,918
917,918
605,919
932,919
63,920
611,920
377,920
26,920
347,920
957,921
590,921
247,921
703,922
486,922
584,922
69,922
542,922
220,922
735,922
557,922
988,922
736,922
979,922
265,922
384,922
88,922
838,922
173,922
110,922
635,923
956,923
213,923
716,923
374,923
634,923
604,923
83,923
130,923
989,923
459,923
644,923
505,923
740,924
880,924
467,924
164,924
404,924
75,924
162,924
238,925
503,925
388,925
495,925
503,925
628,925
857,925
859,925
892,925
364,926
949,926
441,926
281,926
887,926
564,926
535,926
83,926
739,926
395,927
391,927
931,927
851,928
236,928
593,928
448,928
683,928
603,928
348,928
264,928
696,929
775,929
824,929
902,929
486,930
288,930
936,930
17,930
574,930
643,930
489,930
720,930
636,930
469,930
965,930
338,930
755,930
780,930
924,931
149,931
115,931
227,931
120,931
661,931
699,931
733,931
856,931
951,931
714,931
373,931
640,931
198,931
780,931
37,931
674,932
775,932
478,932
213,932
696,932
119,932
864,932
430,932
456,932
962,932
695,932
416,932
408,933
354,933
963,933
616,933
558,933
90,933
73,933
571,933
578,933
725,933
780,933
832,933
974,933
612,933
900,934
625,934
492,934
732,934
702,934
150,934
487,934
694,934
701,934
604,935
868,935
897,935
355,935
241,936
671,936
153,936
713,936
505,936
159,936
527,936
579,936
759,936
479,936
32,936
716,936
37,936
298,936
742,936
824,936
270,936
621,936
887,936
429,936
208,937
176,937
298,937
362,937
425,937
581,937
171,937
317,937
87,937
649,937
531,937
530,937
948,937
183,937
13,937
92,937
364,937
227,937
564,937
418,937
207,938
785,938
78,938
369,938
699,938
453,938
384,938
511,938
48,938
844,938
41,938
846,938
103,938
605,938
484,938
328,939
373,939
202,939
409,940
979,940
820,940
172,940
216,940
49,940
835,940
443,940
763,940
432,940
545,940
605,940
202,940
109,940
22,940
225,940
780,940
827,941
119,941
797,941
717,941
660,941
581,941
213,941
949,941
653,941
851,942
545,942
216,942
917,943
403,943
756,943
370,943
91,943
194,943
790,943
537,943
183,943
53,943
884,943
708,943
21,943
359,943
280,943
418,943
827,943
755,943
241,944
145,944
804,944
198,944
529,944
224,944
521,944
158,944
761,944
529,944
294,944
527,944
383,944
38,944
123,945
74,945
465,945
280,945
591,945
20,945
544,945
729,945
637,945
826,945
539,945
116,945
204,945
28,945
389,945
608,945
361,945
612,945
590,945
996,946
934,946
82,946
83,946
821,946
811,946
538,946
227,946
854,946
897,946
732,946
662,947
959,947
500,947
438,947
593,947
591,947
902,947
383,947
193,947
647,947
180,947
387,947
330,947
221,947
795,947
686,947
450,947
356,947
192,948
896,948
200,948
818,948
866,949
663,949
960,949
496,949
709,949
610,949
278,949
304,949
680,949
978,949
129,949
514,949
685,949
750,949
825,950
407,950
348,950
641,950
994,950
946,950
726,950
799,951
949,951
49,951
897,951
602,951
265,951
835,952
991,952
66,953
630,953
615,953
406,953
584,953
852,953
296,953
318,953
761,953
339,953
321,953
573,953
777,953
586,953
942,953
573,953
80,953
806,953
475,953
371,954
844,954
715,954
471,954
193,954
678,954
903,954
173,954
978,954
10,954
653,954
710,954
204,954
784,954
59,954
488,954
106,954
637,954
111,955
282,955
861,955
895,955
634,955
358,955
595,955
108,955
842,955
665,955
67,955
418,955
100,955
265,955
485,955
553,955
547,955
381,956
919,956
973,956
95,956
989,956
668,956
729,956
203,956
452,956
17,957
168,957
490,957
548,957
412,957
950,957
168,957
557,957
701,957
752,957
956,957
143,957
552,957
741,957
150,957
861,957
147,957
636,957
526,957
219,958
1,958
251,958
460,958
75,958
133,958
219,958
256,958
610,958
212,959
97,959
751,959
913,959
496,959
430,959
859,959
779,959
233,959
34,959
725,959
440,959
628,959
261,959
747,959
465,959
677,960
835,960
905,960
198,960
544,960
339,961
992,961
174,961
183,961
279,961
669,961
436,961
508,961
120,961
505,961
786,961
56,961
10,961
44,961
427,961
405,962
755,962
621,962
290,962
892,962
682,962
510,962
724,962
493,963
541,963
953,963
314,963
184,963
988,963
646,963
750,963
680,963
564,963
323,963
495,963
588,963
391,963
515,963
944,963
364,964
507,964
241,964
985,964
537,964
609,964
573,964
959,964
74,964
1000,964
521,964
897,964
417,965
137,965
157,965
695,965
274,965
905,965
38,965
113,965
875,965
767,965
844,966
40,966
142,966
230,966
178,966
632,966
202,966
942,966
335,966
640,966
719,966
921,966
90,966
370,966
252,966
610,966
468,967
931,967
894,967
777,967
892,967
736,967
712,967
264,967
912,967
162,967
605,967
289,967
415,967
129,967
15,967
677,967
533,967
369,967
255,967
930,968
45,968
229,968
280,968
358,968
290,968
909,968
879,968
952,968
463,968
779,969
700,969
605,970
291,970
770,970
204,970
35,970
994,970
321,970
18,970
74,970
703,970
933,970
793,970
666,970
108,970
823,970
456,970
60,970
696,970
831,970
605,970
235,971
416,971
27,971
59,971
35,971
949,971
309,971
944,971
542,971
643,971
615,971
817,971
865,971
547,971
902,971
841,971
287,971
7,971
103,971
91,972
500,972
380,972
775,972
906,972
382,972
140,972
647,972
610,972
223,972
592,972
39,972
983,972
992,972
808,972
304,972
532,972
438,972
958,973
350,973
78,973
475,973
853,973
490,973
648,973
175,973
580,973
965,973
995,973
572,973
610,973
236,973
831,973
563,973
328,973
584,973
877,973
138,974
508,974
143,974
675,974
467,974
418,974
72,974
989,974
809,975
435,975
337,975
679,975
315,975
464,975
886,975
951,975
880,975
745,975
335,975
227,975
159,975
795,975
512,975
989,976
751,976
831,976
732,976
931,976
369,976
62,976
491,976
144,976
939,976
946,976
973,976
598,976
314,976
715,976
330,976
671,976
592,976
350,977
595,977
784,977
947,977
211,977
268,977
355,977
978,977
124,977
501,977
73,977
524,977
292,977
256,977
898,977
538,977
641,977
887,977
723,977
136,977
474,978
874,978
922,978
12,979
560,979
331,979
548,979
118,979
433,979
692,980
53,980
369,980
873,980
373,980
386,980
944,980
643,980
234,980
175,980
90,980
686,980
867,980
718,980
512,980
518,980
304,980
55,980
396,980
92,981
671,981
863,981
567,981
14,981
26,981
468,981
1,981
480,981
452,981
848,981
141,981
121,981
387,981
764,981
454,981
680,981
536,981
832,981
817,981
562,982
789,982
864,982
598,982
319,982
797,982
238,982
672,983
751,983
327,983
627,983
258,983
491,983
432,983
449,983
630,983
542,983
300,984
536,984
666,984
846,984
289,984
354,984
446,984
561,984
186,984
997,984
881,984
961,984
732,984
26,984
170,984
799,984
12,984
787,984
498,984
84,985
634,985
515,985
491,985
26,985
3,985
905,985
619,985
254,985
10,985
858,985
773,985
839,985
983,985
802,985
381,985
972,985
701,985
95,986
467,986
400,987
938,987
112,987
472,987
48,987
358,987
616,988
227,988
929,988
853,988
485,988
572,988
421,988
517,988
52,988
795,988
988,988
269,988
197,988
141,989
177,989
371,990
861,990
945,990
881,990
314,990
778,990
41,990
388,990
132,990
319,990
11,991
873,991
88,991
294,991
646,991
65,992
831,992
624,992
637,992
97,992
665,992
562,992
227,992
67,993
203,993
348,993
399,993
971,993
767,993
309,993
776,993
698,993
283,993
794,993
918,994
751,994
532,994
35,994
626,994
745,994
581,994
314,994
437,994
715,994
290,995
47,995
104,995
151,995
884,995
537,995
229,995
238,995
155,995
285,995
978,996
753,996
350,996
368,996
303,996
632,996
360,996
941,996
366,996
317,996
486,996
458,997
902,997
845,997
286,997
620,997
158,997
866,997
587,997
647,997
771,997
978,997
49,998
904,998
310,998
67,998
806,998
15,998
3,998
968,998
587,998
252,998
386,998
454,998
694,998
168,998
840,998
854,998
351,998
887,999
18,999
158,999
145,999
590,999
764,999
999,999
514,999
567,999
96,999
659,999
162,999
814,999
158,999
636,999
491,999
884,1000
734,1000
477,1000
79,1000
640,1000
64,1000
677,1000
