contact_id,group_id
142,1
502,1
45,1
270,1
597,1
100,1
749,1
204,1
806,1
261,1
478,2
194,2
25,2
196,3
380,3
58,3
423,3
107,3
596,3
280,3
999,3
821,4
957,4
519,4
727,4
670,5
346,5
310,5
617,5
466,6
235,6
510,6
413,6
995,6
415,7
239,7
246,8
641,8
291,8
948,8
367,8
45,8
491,8
94,8
934,8
800,9
842,9
585,9
309,9
403,9
535,9
615,9
71,9
402,9
509,10
43,10
930,10
297,10
654,10
369,10
257,10
481,11
636,11
661,11
760,11
523,11
940,11
703,11
506,12
294,12
266,12
453,12
274,12
907,12
512,12
56,13
649,13
778,13
862,13
808,13
647,13
799,14
520,14
235,14
596,14
119,14
946,15
804,15
328,15
332,15
497,15
408,15
202,15
275,16
254,16
196,16
875,17
117,17
786,18
66,18
93,18
192,18
198,18
482,18
339,18
789,19
255,19
111,19
711,19
992,19
538,19
733,19
387,19
882,20
145,20
574,20
824,20
337,21
924,21
751,21
536,22
555,22
861,22
115,23
124,23
452,23
386,23
627,23
920,24
727,24
856,24
966,24
529,24
850,24
335,24
435,24
622,25
5,25
321,25
356,25
961,25
874,26
215,26
26,26
577,26
273,26
907,26
268,26
927,27
66,27
714,27
947,27
939,28
575,28
830,29
973,29
996,29
708,30
897,30
983,30
950,30
666,30
496,30
88,31
657,31
469,31
124,31
45,31
7,31
915,31
832,32
234,32
497,32
26,32
930,32
413,32
877,33
2,33
901,34
232,34
329,34
3,34
253,35
807,35
395,35
93,35
926,35
726,35
495,35
751,35
219,36
74,36
429,36
113,36
582,37
45,37
579,37
461,38
548,38
918,38
180,38
953,38
742,38
839,38
272,38
344,38
858,39
216,39
930,40
427,40
319,40
105,40
231,40
318,40
459,40
370,40
884,40
813,41
645,41
253,41
144,41
478,41
841,41
465,41
490,41
263,41
762,41
995,42
57,42
462,42
991,42
180,42
322,42
252,42
622,42
76,42
860,42
493,43
151,43
644,43
984,43
314,43
719,44
721,44
8,44
232,44
116,44
952,44
514,44
486,44
635,45
779,45
919,45
581,45
116,45
786,45
868,46
60,46
14,46
803,46
285,46
456,46
224,46
657,46
664,46
218,47
146,47
507,47
874,47
607,47
711,47
159,47
311,47
384,48
6,48
42,49
324,49
359,49
16,49
863,49
364,49
728,49
328,49
617,50
305,50
418,50
688,50
267,50
486,50
804,50
712,51
705,51
400,51
896,51
5,51
107,51
909,51
312,51
624,51
966,51
942,52
619,52
145,52
152,52
44,52
774,53
867,53
923,53
25,53
203,53
210,53
326,53
443,53
117,54
335,54
165,54
623,54
336,55
730,55
370,55
952,55
501,55
394,55
982,56
671,56
443,56
84,56
562,56
872,56
636,56
405,57
907,57
798,57
683,57
141,57
980,58
712,58
669,58
22,58
671,58
709,58
335,58
930,58
925,59
95,59
105,59
990,59
579,59
308,60
717,60
74,60
386,60
89,60
15,60
55,60
853,60
937,61
211,61
806,61
809,61
142,61
753,61
920,61
39,61
745,61
235,62
57,62
984,62
310,62
991,62
530,62
91,62
107,62
185,62
515,63
829,63
989,63
718,63
421,64
839,64
209,64
426,64
251,65
565,65
952,65
630,65
257,65
464,65
108,66
423,66
665,66
623,66
916,66
553,66
854,66
389,66
155,66
818,66
166,67
997,67
362,67
140,68
754,68
35,68
541,68
811,68
635,68
481,68
127,68
252,69
49,69
497,69
569,69
22,70
41,70
91,70
759,71
450,71
780,71
73,71
910,71
478,71
303,71
195,71
916,72
693,72
720,72
951,73
167,73
224,73
548,73
531,74
955,74
7,74
988,74
668,74
953,74
631,74
640,74
750,74
497,74
120,75
260,75
728,75
138,75
935,76
232,76
559,76
849,76
809,76
295,76
509,76
167,77
325,77
417,77
223,77
677,77
537,77
844,78
998,78
982,78
974,78
500,79
508,79
978,80
121,80
157,80
992,80
914,80
540,80
784,80
809,80
614,80
107,81
89,81
740,81
65,81
305,81
323,81
246,81
608,81
513,81
273,82
661,82
425,82
56,82
932,82
507,82
895,82
922,83
238,83
450,83
244,83
81,83
952,83
861,83
452,84
560,84
973,84
658,84
340,84
64,84
488,84
442,85
335,85
804,85
211,85
240,85
578,85
163,85
599,86
246,86
200,86
329,86
305,86
759,87
399,87
681,87
963,87
559,87
126,88
385,88
342,88
409,88
990,88
252,88
887,88
125,88
873,89
682,89
542,90
50,90
543,90
156,90
224,90
382,90
86,90
965,90
447,90
14,90
565,91
655,91
459,91
243,92
368,92
770,92
567,92
696,92
311,92
69,92
634,92
971,92
793,92
914,93
845,93
288,93
814,93
544,93
558,93
974,93
187,93
789,93
280,94
821,94
227,94
696,95
911,95
347,95
830,96
911,96
230,97
348,97
524,97
292,97
408,97
478,98
510,98
858,98
277,98
151,98
829,98
184,98
811,98
85,98
5,99
690,99
800,99
968,99
90,99
843,99
453,99
160,99
94,99
552,100
370,100
607,101
73,101
248,101
917,101
344,101
459,101
998,101
591,101
239,101
369,102
684,102
717,102
297,102
183,102
416,102
549,102
419,102
875,102
32,102
582,103
292,103
903,103
129,103
637,103
173,103
517,103
337,103
393,103
449,104
778,104
653,104
343,104
177,104
708,104
119,104
976,104
433,104
22,105
695,105
351,105
460,106
444,106
926,106
706,106
245,106
902,106
28,106
584,106
788,107
360,107
134,107
920,107
202,108
795,108
340,108
665,108
409,109
912,109
268,109
213,109
88,109
166,109
928,109
744,110
511,110
237,110
495,110
734,110
987,111
682,111
20,111
808,111
281,111
915,111
985,111
180,112
407,112
623,112
22,113
766,113
826,113
627,114
710,114
779,114
679,114
808,114
996,114
541,114
643,114
417,115
950,115
606,115
581,116
852,116
217,116
271,116
639,117
792,117
556,117
786,117
150,117
394,117
486,117
51,117
757,117
665,118
301,118
879,118
648,118
391,118
341,118
589,118
755,118
534,119
730,119
652,119
934,119
87,119
531,119
458,119
722,120
303,120
33,120
672,120
522,120
479,121
464,121
208,121
96,121
787,121
765,121
396,121
33,122
995,122
245,122
282,122
761,123
631,123
123,123
791,124
931,124
546,124
385,124
604,125
904,125
162,125
746,125
775,125
317,126
958,126
512,126
402,127
864,127
995,127
681,128
39,128
825,129
736,129
336,130
164,130
932,130
387,130
15,130
797,130
435,130
416,130
148,130
908,131
295,131
248,131
2,131
353,131
820,131
563,132
582,132
583,132
442,132
865,132
108,132
796,132
675,132
703,133
351,133
384,133
928,134
211,134
790,135
611,135
523,136
601,136
943,136
165,136
912,136
260,136
678,136
27,136
979,136
702,136
663,137
268,137
987,137
636,138
413,138
83,138
858,138
51,138
44,138
437,139
796,139
397,139
408,139
471,139
99,139
311,139
172,140
624,140
60,140
466,140
168,141
267,141
616,141
248,141
350,141
602,141
698,141
863,141
67,141
309,141
842,142
671,142
716,142
456,143
797,143
887,143
140,143
694,143
521,143
407,143
731,143
114,143
939,143
413,144
126,144
258,144
892,144
303,145
278,145
178,145
159,145
831,145
105,145
622,146
501,146
397,146
220,147
57,147
805,147
801,147
79,147
734,147
779,147
606,148
736,148
826,148
164,148
757,148
665,148
481,148
943,148
90,148
887,149
829,149
884,149
602,149
877,149
492,150
559,150
609,150
315,150
340,150
76,150
184,150
695,151
56,151
546,151
679,151
134,151
984,151
953,151
897,152
804,152
955,152
721,152
599,153
273,153
2,153
753,154
328,154
812,154
410,154
990,154
14,154
784,154
356,154
595,155
448,155
130,155
926,155
528,155
731,155
643,155
122,155
8,155
963,156
797,156
620,156
106,156
324,157
930,157
158,157
679,157
960,157
735,157
503,157
322,157
453,157
340,158
574,158
749,159
632,159
236,159
649,160
219,160
989,160
650,160
669,160
708,161
551,161
834,161
378,161
802,161
943,161
838,162
336,162
334,162
160,163
63,163
500,163
126,163
900,164
562,164
823,164
806,164
896,164
998,165
747,165
566,165
401,165
664,165
193,165
643,165
992,165
522,165
782,166
68,166
282,166
104,166
232,166
842,166
619,166
910,166
992,166
824,166
420,167
857,167
237,167
381,167
608,167
382,167
217,167
883,167
967,167
188,167
877,168
298,168
116,169
938,169
780,169
925,169
649,169
329,169
928,170
953,170
299,170
467,170
138,171
154,171
645,171
923,171
689,171
868,172
491,172
629,172
99,172
251,172
222,172
132,172
687,172
572,173
604,173
867,173
767,174
471,174
821,174
984,174
852,174
935,174
86,174
222,174
380,175
260,175
401,175
796,175
916,175
395,175
66,175
89,175
598,175
354,175
344,176
322,176
764,176
425,176
421,176
199,176
111,177
386,177
629,177
396,177
215,177
199,178
142,178
622,178
441,178
840,178
479,178
545,179
195,179
878,180
379,180
507,180
202,180
799,180
714,180
486,180
732,180
456,180
148,181
995,181
201,181
380,181
682,181
69,181
297,182
741,182
240,183
247,183
308,183
457,183
690,183
481,183
412,184
578,184
531,184
330,184
541,184
524,184
627,184
993,184
266,184
6,185
134,185
529,185
506,185
31,185
500,185
595,185
486,185
214,186
273,186
6,186
730,186
787,186
724,186
951,187
316,187
247,187
528,187
773,187
846,188
333,188
442,188
481,188
960,188
776,188
86,188
530,189
776,189
938,189
766,189
157,190
348,190
416,190
120,191
129,191
139,191
457,191
630,192
430,192
963,192
536,192
615,192
50,192
86,192
65,192
134,193
683,193
747,193
972,194
715,194
645,194
838,194
54,194
841,194
529,194
967,195
905,195
882,195
56,195
66,195
236,195
849,195
447,195
919,195
589,196
350,196
357,196
402,196
686,196
965,196
364,196
127,196
693,196
888,196
70,197
515,197
846,197
94,197
597,197
208,197
544,197
832,197
236,197
534,198
782,198
20,198
361,198
885,198
723,198
420,198
1000,198
117,198
376,198
556,199
453,199
575,199
593,199
864,199
929,199
692,199
229,200
51,200
333,201
725,201
850,201
292,201
619,201
563,201
406,201
19,201
91,202
156,202
22,202
511,203
858,203
539,203
672,203
477,203
406,203
312,203
680,203
9,203
342,203
487,204
691,204
109,204
204,205
52,205
869,205
976,205
29,205
917,206
540,206
561,206
771,206
125,207
237,207
917,207
998,208
565,208
466,208
971,208
118,208
412,208
805,208
192,208
237,209
715,209
50,209
74,209
366,209
579,210
259,210
420,210
962,210
662,210
162,210
770,210
838,210
273,210
476,210
656,211
670,211
320,211
47,211
127,211
935,211
272,211
692,212
844,212
455,212
98,212
762,212
1,212
15,212
318,212
267,213
858,213
868,214
654,214
332,214
1000,215
136,215
214,215
181,215
939,215
826,215
284,215
608,215
310,216
342,216
245,216
29,216
980,216
265,216
556,216
709,217
581,217
812,217
445,217
553,217
524,217
526,217
94,217
977,218
15,218
668,218
622,218
513,219
354,219
655,219
750,219
916,220
894,220
792,220
226,220
269,220
762,220
273,220
959,221
682,221
662,221
168,222
206,222
185,222
204,222
750,222
238,223
187,223
654,223
197,223
910,223
836,223
494,223
12,223
20,224
143,224
495,224
862,224
546,224
842,224
213,225
110,225
876,226
353,226
34,226
472,227
901,227
163,227
877,228
336,228
322,228
815,228
713,228
499,228
180,228
466,228
551,228
799,228
618,229
438,229
562,230
248,230
920,230
271,230
848,230
53,230
43,230
441,230
806,230
51,231
846,231
830,231
411,231
464,231
844,231
945,232
878,232
121,233
938,233
174,233
218,234
896,234
429,234
65,234
698,234
342,234
293,234
879,234
505,234
524,234
361,235
526,235
756,235
163,236
299,236
654,236
925,236
38,236
435,236
474,236
104,236
857,236
420,237
911,237
549,237
439,238
747,238
73,238
383,238
661,239
296,239
16,239
801,239
596,239
924,239
179,240
823,240
606,241
695,241
583,242
959,242
488,242
137,243
133,243
775,243
897,244
406,244
16,244
551,244
76,244
283,244
577,244
671,244
134,245
794,245
904,245
354,245
638,245
10,246
592,246
734,246
825,247
675,247
269,247
926,247
96,247
11,247
428,247
687,248
101,248
29,248
367,248
344,248
355,248
279,248
944,248
839,248
291,248
948,249
83,249
777,249
447,250
890,250
296,250
87,250
289,250
129,250
53,250
382,250
234,251
343,251
164,251
915,251
210,251
716,251
20,251
845,252
950,252
567,252
867,252
526,252
155,252
695,252
169,252
783,252
956,253
255,253
9,253
680,254
297,254
270,254
909,254
822,254
46,254
954,254
140,254
750,254
586,254
327,255
379,255
616,255
491,255
808,255
886,255
826,255
876,256
644,256
65,256
442,256
268,256
739,257
984,257
194,257
681,257
202,257
15,257
136,257
600,257
126,258
855,258
70,258
760,258
842,258
754,259
928,259
407,259
745,259
930,259
262,260
659,260
385,260
208,260
787,261
504,261
698,261
11,261
993,261
340,261
155,261
879,262
80,262
399,262
713,262
457,263
808,263
227,263
519,263
27,263
924,263
373,263
756,263
208,264
409,264
936,264
783,264
110,264
240,264
696,265
103,265
200,265
881,266
422,266
874,266
273,266
761,266
571,266
337,266
825,267
172,267
790,267
967,267
560,267
59,267
70,267
595,267
950,268
366,268
601,268
947,269
870,269
863,269
200,270
111,270
311,271
141,271
295,271
219,271
785,272
226,272
154,273
552,273
284,273
706,273
57,274
181,274
117,274
737,274
639,274
253,274
778,274
453,274
667,275
821,275
432,275
183,275
153,275
142,275
177,275
458,276
118,276
196,276
305,276
763,276
603,276
735,276
413,277
877,277
422,277
827,277
314,277
760,277
123,277
20,278
579,278
463,278
783,278
859,278
243,278
611,278
37,278
139,278
529,279
836,279
482,279
759,280
877,280
827,280
610,280
618,280
27,280
477,280
553,280
726,281
71,281
330,281
358,281
145,281
27,281
239,281
871,281
930,281
25,282
223,282
745,282
261,282
24,282
576,282
894,282
844,282
501,283
903,283
555,283
277,283
702,283
121,283
26,283
570,283
176,284
300,284
488,284
764,284
89,284
683,284
768,284
767,284
737,284
547,285
268,285
667,285
175,285
913,285
713,285
92,285
572,285
173,285
656,286
813,286
597,287
837,287
791,287
134,287
999,287
971,287
139,287
751,287
705,287
48,288
286,288
171,289
178,289
220,289
997,289
553,289
867,290
87,290
554,291
430,291
760,291
567,291
380,291
940,291
3,291
23,291
746,291
492,292
934,292
674,292
919,292
748,292
473,292
17,293
136,293
996,293
356,293
417,293
871,293
103,293
956,293
634,294
660,294
531,294
271,294
492,294
919,294
974,294
447,295
328,295
832,296
177,296
539,296
188,296
697,296
481,296
779,296
281,296
293,296
274,296
66,297
699,297
103,297
142,297
108,297
690,297
551,297
928,297
330,297
105,297
785,298
41,298
330,298
321,298
725,298
715,298
439,298
350,298
845,298
142,299
435,299
184,299
441,299
785,299
133,299
279,299
699,299
417,299
496,299
430,300
610,300
305,300
470,300
611,301
192,301
196,301
536,301
674,301
492,301
371,301
659,301
656,302
205,302
69,302
96,302
605,302
520,302
884,302
3,302
425,303
436,303
531,303
738,303
947,303
16,303
156,304
822,304
598,304
384,304
158,304
182,304
855,304
989,304
227,305
763,305
272,305
842,305
393,305
339,305
991,306
231,306
110,306
132,306
612,306
708,306
28,306
274,306
496,306
807,306
500,307
446,307
782,307
735,307
888,307
10,307
633,308
907,308
65,308
255,308
479,308
349,308
980,308
643,308
986,308
352,308
903,309
899,309
462,309
424,309
180,309
607,309
104,309
787,309
460,309
161,310
279,310
659,310
7,310
649,310
531,310
863,310
517,310
765,311
838,311
601,312
138,312
704,312
71,312
859,313
684,313
470,313
623,313
480,313
233,313
372,313
76,313
66,313
368,313
473,314
635,314
34,314
249,315
156,315
719,315
638,315
169,315
815,315
25,316
953,316
247,316
541,316
312,316
736,316
821,317
720,317
790,317
835,317
729,317
520,318
321,318
823,318
833,318
276,318
470,318
924,318
796,318
428,318
637,319
638,319
317,319
5,319
111,320
716,320
965,320
690,320
680,321
230,321
776,321
194,321
849,322
626,322
580,322
575,322
670,322
76,322
21,322
91,323
830,323
53,323
847,323
226,324
207,324
178,324
872,324
11,324
717,324
584,325
620,325
868,325
836,325
950,326
163,326
267,326
783,327
318,327
773,327
524,327
59,327
158,327
667,327
133,327
209,328
119,328
238,328
367,328
37,328
807,328
2,328
700,328
418,329
186,329
375,330
499,330
818,330
705,330
358,330
409,330
144,330
618,330
412,330
761,330
287,331
833,331
936,331
467,331
369,331
176,331
322,332
905,332
979,332
771,332
803,332
832,332
475,332
592,333
927,333
686,333
448,333
944,333
457,333
533,333
630,333
617,333
179,334
304,334
255,334
482,334
636,334
320,334
886,334
548,334
599,334
421,334
822,335
927,335
909,335
527,335
518,335
626,335
695,335
210,335
392,336
746,336
672,336
650,336
203,336
318,336
427,336
671,336
272,336
646,336
138,337
996,337
843,337
86,337
620,337
959,337
430,338
164,338
152,338
651,338
926,338
980,338
352,338
261,338
440,338
323,338
500,339
439,339
996,339
247,339
530,339
301,340
862,340
832,340
34,340
938,340
793,340
633,340
871,340
955,340
653,341
717,341
296,341
994,341
84,341
906,342
614,342
940,342
743,342
136,342
408,342
130,342
969,342
260,343
213,343
339,343
922,343
892,343
883,343
682,343
139,344
795,344
149,344
803,344
115,344
38,345
950,345
629,345
53,345
621,345
278,345
611,345
933,346
355,346
528,346
133,346
9,346
573,346
473,346
508,346
453,346
625,347
278,347
596,347
187,347
477,347
354,347
964,348
1000,348
635,349
227,349
393,349
878,349
831,349
488,349
693,349
954,349
366,349
368,349
39,350
68,350
693,350
200,350
202,350
600,350
940,350
93,350
887,350
257,350
617,351
562,351
970,351
847,351
692,351
585,352
428,352
251,352
174,352
193,352
414,352
838,352
313,353
436,353
373,353
30,354
946,354
328,354
185,354
771,354
404,355
848,355
218,355
35,355
583,355
240,355
418,355
464,355
678,355
77,355
30,356
454,356
256,356
265,356
852,356
255,356
296,357
792,357
532,357
222,357
141,357
35,357
293,357
477,358
234,358
323,358
330,358
33,358
98,358
265,358
174,358
61,359
29,359
118,359
207,359
918,359
516,359
206,359
710,359
758,359
853,360
678,360
539,360
59,360
755,361
824,361
112,361
802,361
525,361
716,361
31,361
45,361
444,362
322,362
590,362
880,362
198,362
854,362
171,362
651,362
865,362
3,362
645,363
478,363
579,363
594,363
205,363
528,363
292,363
973,364
454,364
36,365
424,365
280,365
742,365
330,365
969,365
263,366
901,366
653,366
774,366
864,366
835,366
893,367
875,367
899,367
371,367
617,367
343,367
479,367
354,368
853,368
9,368
197,368
615,368
462,368
689,369
670,369
920,369
136,369
919,370
58,370
452,370
36,370
641,370
807,370
13,371
151,371
466,371
571,371
883,371
104,371
315,371
947,372
673,372
321,372
464,373
625,373
264,373
708,373
962,373
267,373
907,373
224,374
207,374
260,374
621,374
571,375
984,375
798,376
683,376
510,376
503,376
491,376
684,376
576,377
777,377
695,377
441,378
971,378
881,378
777,378
663,378
396,378
863,378
69,379
498,379
788,379
146,380
287,380
942,380
94,380
724,380
901,381
269,381
647,381
533,381
448,381
891,381
231,382
881,382
165,382
865,382
826,382
535,382
983,382
153,382
985,383
164,383
805,383
565,383
958,383
993,383
397,383
361,383
438,383
669,384
435,384
30,384
578,384
375,384
885,385
654,385
254,385
659,385
290,385
158,385
114,386
802,386
457,386
648,386
226,386
573,387
831,387
720,387
445,388
159,388
557,388
261,388
931,388
937,388
588,389
251,389
148,389
97,389
157,390
952,390
50,390
472,391
340,391
115,391
971,392
638,392
971,393
577,393
782,394
991,394
306,394
334,394
512,394
874,394
962,395
63,395
69,396
27,396
886,396
710,396
306,397
390,397
618,397
879,397
83,397
707,397
507,397
951,397
612,397
167,397
860,398
770,398
173,398
778,398
282,399
37,399
172,399
580,399
532,399
826,399
258,399
589,399
40,400
788,400
371,401
913,401
875,401
664,402
306,402
118,402
861,402
324,402
34,402
409,402
363,403
728,403
377,403
834,403
587,403
299,403
707,403
645,403
574,404
528,404
652,404
498,404
880,404
972,405
31,405
311,405
124,405
476,405
582,405
37,406
203,406
967,406
239,406
752,406
23,406
733,406
352,406
854,407
240,407
108,407
465,407
342,407
146,407
23,407
829,408
903,408
189,408
660,408
873,408
343,408
946,408
81,408
65,408
324,408
649,409
759,409
16,409
957,409
608,409
491,409
28,409
399,410
2,410
660,410
295,410
658,410
334,410
961,410
975,410
916,410
594,411
777,411
421,411
825,412
250,412
153,412
718,412
292,412
506,413
928,413
465,413
172,413
461,414
445,414
768,414
945,414
372,414
292,415
681,415
478,415
756,415
505,415
307,415
934,416
390,416
363,417
954,417
676,417
96,417
769,418
452,418
401,418
3,418
373,418
577,418
391,418
767,418
564,418
760,418
949,419
533,419
445,419
537,419
938,419
112,419
586,419
425,420
956,420
668,420
469,420
171,420
407,420
406,420
471,420
669,421
659,421
656,421
763,421
677,421
811,421
1000,421
602,421
694,422
937,422
83,422
985,422
1000,422
513,422
772,423
810,423
702,423
243,423
674,423
266,423
768,423
68,424
85,424
766,424
525,424
39,424
144,424
443,425
646,425
800,425
448,425
416,425
543,425
692,426
46,426
440,426
889,426
565,426
732,426
838,426
894,427
40,427
991,427
171,427
175,428
349,428
191,428
742,428
792,428
992,428
50,428
503,428
616,429
712,429
437,429
227,429
555,429
101,429
365,429
854,429
508,429
301,430
90,430
190,430
170,431
485,431
775,431
621,432
71,432
588,432
164,433
343,433
147,434
790,434
753,434
84,434
291,434
899,434
842,434
505,434
627,434
423,435
984,435
737,435
195,435
419,435
623,435
177,435
440,435
456,435
131,435
724,436
832,436
815,437
180,437
32,437
424,437
183,437
335,437
627,438
21,438
349,438
335,438
252,438
994,438
576,438
661,438
341,439
954,439
620,439
791,439
459,439
543,439
405,439
969,439
966,440
777,440
627,440
228,440
691,440
1000,441
580,441
224,441
591,441
210,441
282,442
501,442
817,442
663,442
396,442
984,442
320,442
289,443
67,443
709,444
711,444
571,444
89,444
396,444
941,444
856,445
809,445
75,445
460,445
817,446
30,446
535,446
537,446
139,446
487,446
706,447
350,447
128,447
910,447
835,447
701,447
515,448
253,448
739,448
153,448
872,449
266,449
221,449
58,449
72,449
568,449
116,449
443,449
284,450
419,450
722,450
379,450
620,450
987,450
275,450
357,450
676,451
810,451
689,451
436,451
451,451
487,452
28,452
794,452
606,452
796,453
411,453
427,453
903,453
342,453
138,453
349,453
850,453
241,453
700,453
964,454
545,454
895,454
589,454
650,454
989,454
693,454
410,454
882,454
785,455
728,455
403,455
437,455
341,455
282,455
184,455
901,455
261,455
182,455
970,456
460,456
828,456
633,456
534,456
294,456
978,456
890,456
396,456
685,456
14,457
515,457
628,457
678,457
840,457
908,457
201,457
484,457
120,457
640,458
581,458
880,458
273,458
392,458
535,458
17,459
4,459
418,459
377,459
29,459
921,459
782,459
143,459
716,459
118,459
757,460
382,460
866,460
922,460
431,461
702,461
6,461
71,461
318,461
548,462
803,462
545,462
780,462
368,463
413,463
312,463
258,463
681,463
330,463
493,463
553,463
415,464
642,464
643,464
481,464
955,464
533,464
306,464
870,464
452,464
594,464
827,465
428,465
809,465
917,465
86,465
512,465
564,466
231,466
722,466
591,466
597,466
468,466
563,466
285,467
446,467
575,467
427,467
157,467
835,468
988,468
338,468
171,468
759,468
612,468
429,468
753,468
220,469
753,469
594,469
242,469
248,469
682,469
754,469
840,469
789,469
648,469
537,470
344,470
414,470
706,470
317,470
10,470
644,470
876,470
680,471
729,471
297,471
784,472
241,472
849,472
857,472
285,472
927,473
992,473
673,473
478,473
228,473
684,473
890,473
245,473
122,473
412,473
121,474
240,474
110,475
811,475
902,475
88,475
82,475
452,475
696,476
662,476
300,476
234,476
426,476
477,476
299,476
364,476
896,477
146,477
974,477
835,477
239,477
523,478
988,478
534,478
805,478
189,478
34,478
739,479
685,479
863,479
844,480
228,480
754,481
764,481
760,481
124,481
303,482
121,482
26,482
43,482
850,482
308,482
989,483
265,483
521,483
28,483
392,484
416,484
883,484
662,484
965,484
964,484
703,484
547,484
22,485
131,485
512,486
603,486
995,486
483,486
509,486
2,487
161,487
263,487
649,487
670,488
388,488
913,488
374,488
220,488
154,488
651,488
155,489
963,489
819,490
202,490
920,490
76,491
918,491
774,491
562,491
539,491
895,491
151,491
832,491
826,491
345,492
457,492
817,492
874,493
748,493
802,493
107,493
371,493
847,494
541,494
804,494
346,494
957,494
929,494
202,494
70,494
101,494
861,495
442,495
242,495
17,496
222,496
697,496
400,496
15,496
154,497
398,497
414,497
42,498
127,498
56,499
878,499
714,499
654,499
525,500
870,500
140,500
410,500
527,500
366,500
855,500
809,500
143,501
646,501
578,501
351,501
315,501
100,501
130,501
362,502
823,502
310,502
581,502
366,502
936,502
798,502
716,502
580,503
122,503
443,503
391,503
793,503
974,504
489,504
728,504
615,504
211,504
36,504
727,504
6,504
511,504
557,504
750,505
941,505
275,505
395,505
570,505
475,505
646,505
795,505
923,506
870,506
672,506
616,506
720,507
587,507
507,507
754,507
600,507
144,508
321,508
54,508
749,509
13,509
800,509
523,509
532,509
568,509
957,509
294,509
875,509
612,509
715,510
4,510
550,510
701,510
370,510
944,510
830,510
558,510
697,510
446,510
353,511
3,511
437,511
790,511
962,511
297,511
919,511
718,512
30,512
60,512
734,512
315,512
396,513
755,513
863,513
883,513
463,513
74,513
921,513
249,513
359,514
310,514
970,514
415,514
866,514
580,514
615,515
62,515
686,515
884,515
489,516
767,516
189,516
236,517
614,517
298,517
964,517
331,517
376,517
76,517
65,517
346,517
969,518
930,518
804,518
291,518
82,518
786,518
955,519
139,519
352,519
399,519
314,519
878,519
160,519
501,519
678,520
607,520
527,521
949,521
57,521
233,521
727,522
534,522
476,522
331,522
733,522
681,522
244,522
597,522
228,522
146,522
444,523
321,523
973,523
987,523
641,523
361,523
757,523
242,523
179,523
656,524
338,524
184,524
599,524
740,524
162,524
598,524
975,524
480,524
822,525
141,525
839,525
670,525
120,526
421,526
976,526
425,526
33,526
632,526
737,526
294,527
588,527
681,527
92,527
698,527
346,527
533,528
474,528
173,528
702,528
500,528
463,528
52,528
5,528
430,528
211,528
953,529
530,529
672,529
634,529
818,529
458,529
633,529
143,529
161,529
226,530
40,530
496,530
869,530
662,530
451,530
567,530
214,530
772,531
131,531
595,531
409,531
98,531
882,531
1000,532
746,532
791,532
946,532
380,532
949,533
656,533
935,533
362,533
419,533
862,533
44,533
421,533
34,534
55,534
298,534
713,535
84,535
38,535
368,535
153,535
580,536
997,536
256,536
7,537
579,537
375,537
894,537
880,537
22,537
198,538
891,538
376,539
622,539
853,539
543,539
707,539
538,539
667,539
324,539
308,539
317,539
354,540
190,540
767,540
59,540
575,540
413,540
526,540
37,540
365,540
333,541
314,541
182,541
676,541
155,542
502,542
275,542
272,542
184,542
466,542
914,542
124,542
977,542
186,542
444,543
603,543
808,543
737,543
143,543
513,543
780,543
324,543
55,543
128,544
557,544
22,544
801,544
631,544
813,544
940,544
621,544
859,545
388,545
274,545
433,545
845,545
864,546
677,546
683,547
201,547
651,547
515,547
677,547
565,547
663,548
909,548
526,549
285,549
469,549
268,549
132,549
67,550
755,550
821,550
365,550
744,551
983,551
292,552
404,552
519,552
268,552
525,552
8,552
573,552
757,552
324,553
854,553
304,553
151,554
264,554
271,554
471,554
972,554
990,554
722,554
179,554
741,555
565,555
310,556
5,556
737,556
25,556
331,556
73,556
620,556
198,556
138,556
660,556
216,557
629,557
11,557
722,557
94,558
33,558
847,558
436,559
416,559
85,559
813,559
79,559
475,559
38,559
215,559
888,559
855,560
353,560
656,560
112,560
278,560
545,560
657,560
846,560
586,561
656,561
611,561
81,561
394,561
577,561
960,561
554,562
998,562
12,562
908,562
422,562
216,562
858,562
290,562
346,562
429,563
492,563
336,563
709,563
474,563
304,563
90,563
34,563
125,564
971,564
471,564
298,564
537,565
516,565
242,565
317,565
52,565
855,565
226,565
186,565
998,566
698,566
47,566
941,566
510,566
791,566
975,566
744,566
975,567
746,567
365,567
771,568
350,568
513,568
496,568
798,568
523,568
623,568
614,568
334,568
7,568
922,569
843,569
632,569
611,570
438,570
886,570
385,570
91,570
520,570
659,570
602,571
632,571
371,571
636,571
797,571
225,571
455,571
962,571
779,571
591,572
288,572
618,572
404,572
548,572
790,572
577,572
770,572
249,572
721,572
940,573
207,573
458,573
914,573
680,573
594,573
292,573
344,573
848,573
132,574
601,574
129,574
223,574
547,574
410,574
374,575
170,575
999,575
189,576
935,576
431,576
985,576
675,577
148,577
972,577
178,577
941,577
774,577
276,577
918,577
373,578
133,578
221,578
291,578
132,578
454,578
945,578
87,578
962,578
298,578
422,579
4,579
518,580
520,580
591,580
699,580
647,580
251,580
46,581
77,581
150,581
178,581
930,581
758,581
692,581
75,582
591,582
78,583
753,583
692,584
782,584
575,584
499,584
600,584
417,585
460,585
694,585
451,585
198,585
747,585
854,585
891,585
609,586
427,586
241,586
53,586
469,587
656,587
921,587
449,588
667,588
740,589
41,589
452,589
871,589
580,590
685,590
268,591
158,591
736,591
200,591
784,591
183,591
109,591
244,591
116,591
101,591
797,592
381,592
716,592
423,592
468,592
651,592
755,592
839,592
470,593
155,593
392,593
879,593
317,594
666,594
100,594
347,595
41,595
472,595
436,595
633,595
542,596
353,596
514,596
63,596
819,596
348,596
389,596
57,597
916,597
556,597
468,597
764,597
522,598
83,598
400,598
214,598
41,599
608,599
922,599
541,599
990,599
975,600
270,600
637,600
236,600
318,600
106,600
601,600
196,600
766,600
811,601
597,601
761,601
159,601
929,601
474,601
185,601
879,601
647,602
977,602
434,602
632,602
824,602
987,602
311,603
255,603
343,603
332,604
359,604
842,604
807,604
221,604
481,605
719,605
556,605
386,605
484,605
340,605
83,605
497,606
426,606
756,606
295,606
475,606
820,606
964,606
45,606
40,606
176,607
8,607
359,608
106,608
521,609
379,609
985,609
959,609
18,609
605,609
911,609
770,609
739,609
926,610
201,610
719,610
789,610
178,610
213,610
601,610
168,610
181,611
107,611
567,611
844,611
227,611
552,611
71,612
19,612
146,612
769,612
232,612
783,612
306,612
766,612
866,613
572,613
266,613
723,613
216,613
516,613
642,613
216,614
173,614
317,614
176,615
8,615
912,615
573,615
482,615
124,615
777,616
990,616
801,616
964,616
364,616
408,616
925,617
8,617
63,617
868,617
360,617
482,618
206,618
592,619
270,619
638,620
83,620
115,620
10,620
431,621
985,621
315,621
525,621
379,621
644,621
743,621
532,621
158,621
228,621
102,622
316,622
986,622
395,623
388,623
517,623
862,623
545,623
455,623
9,623
804,624
102,624
450,625
840,625
442,625
42,625
477,626
162,626
740,626
226,626
761,626
387,626
563,626
381,627
129,627
791,627
761,627
813,627
87,627
482,627
37,628
536,628
916,628
632,628
806,628
307,628
175,628
533,628
531,629
58,629
956,629
603,629
987,629
218,629
802,629
276,629
955,629
428,629
870,630
534,630
719,631
122,631
603,631
257,632
296,632
368,632
894,632
9,632
244,632
797,632
49,632
874,632
773,632
196,633
235,633
703,633
423,633
459,633
29,634
80,634
171,634
666,634
728,634
139,634
86,634
958,634
424,634
93,635
227,635
224,635
278,636
281,636
551,637
830,637
96,637
630,637
828,637
373,637
846,637
214,638
969,638
153,638
287,639
236,639
304,639
968,639
278,639
820,639
951,639
37,639
617,639
762,639
738,640
740,640
587,640
651,640
936,640
631,640
447,640
516,640
174,641
923,641
540,641
905,641
545,642
735,642
465,642
287,642
528,643
917,643
465,643
333,643
765,643
164,643
726,644
904,644
283,644
406,644
198,644
378,644
834,644
872,644
996,644
352,645
190,645
645,645
512,645
535,645
658,645
982,646
36,646
933,646
262,646
895,646
968,646
613,646
717,647
47,647
696,647
194,647
688,647
229,647
457,648
614,648
751,648
642,648
505,648
729,649
915,649
487,649
507,649
755,649
941,649
68,649
523,649
745,649
584,650
61,650
703,650
167,650
5,650
999,650
563,650
162,651
686,651
276,651
129,651
961,651
604,651
115,651
554,651
592,651
830,651
621,652
822,652
412,652
472,652
786,653
420,653
947,653
34,653
188,653
24,654
775,654
324,654
266,654
770,654
958,654
371,654
520,654
722,654
670,654
716,655
990,655
209,655
880,655
137,656
220,656
208,656
707,656
875,656
413,656
344,656
287,656
18,657
774,657
299,657
397,658
161,658
748,658
189,658
430,658
893,658
14,658
4,658
992,659
263,659
673,659
461,659
308,659
458,659
921,660
98,660
920,660
930,660
496,661
749,661
740,661
309,661
223,661
137,661
313,661
663,661
859,661
960,662
714,662
342,662
32,662
374,662
546,662
484,662
94,662
338,662
592,662
740,663
916,663
560,663
544,663
309,663
507,663
648,663
761,664
285,664
306,664
80,664
972,664
72,664
185,664
432,664
203,665
346,665
612,665
355,665
699,665
899,665
788,665
244,665
443,665
987,665
610,666
493,666
233,666
557,666
407,667
463,667
131,667
538,667
351,667
335,667
980,667
550,667
381,668
80,668
217,668
169,668
931,669
127,669
1,669
989,669
346,669
94,670
480,670
141,670
389,670
600,671
462,671
618,672
158,672
716,672
860,673
163,673
973,673
254,673
342,673
441,674
307,674
603,674
696,675
627,675
93,675
673,675
855,675
357,676
494,676
937,676
104,677
636,677
558,677
873,677
418,677
731,678
612,678
37,679
542,679
423,679
186,679
55,679
710,679
956,679
222,680
976,680
556,680
979,680
119,680
814,680
713,680
357,681
688,681
165,681
48,681
103,681
426,681
374,682
63,682
670,682
557,682
981,682
849,682
546,682
363,683
919,683
293,683
615,683
509,684
497,684
272,684
613,684
99,685
672,685
908,685
96,685
527,685
580,685
427,685
988,685
381,685
643,686
730,686
74,687
377,687
591,687
303,687
962,688
683,688
871,688
840,688
650,688
967,688
572,688
474,688
188,688
19,689
164,689
165,689
243,690
188,690
383,690
521,691
682,691
287,691
122,691
748,691
523,691
595,691
812,692
47,692
556,692
142,692
102,692
332,692
506,692
516,692
866,693
445,693
798,693
312,693
905,693
851,693
355,694
285,694
195,694
834,694
638,694
958,694
8,694
160,694
262,694
258,694
395,695
772,695
213,695
803,696
698,696
212,697
905,697
160,697
290,698
563,698
477,698
645,698
700,698
434,698
729,698
207,698
857,698
368,698
256,699
475,699
674,699
477,700
569,700
384,700
313,700
427,700
746,701
548,701
896,701
190,701
539,701
703,701
724,701
434,701
592,701
526,701
713,702
982,702
453,702
386,702
763,702
213,702
246,703
708,703
877,703
943,703
422,703
878,703
142,703
826,704
774,704
924,704
154,704
346,704
636,704
260,704
420,704
279,704
320,704
490,705
446,705
433,706
201,706
888,706
776,706
974,706
832,706
507,706
496,706
651,707
526,707
623,708
225,708
277,709
139,709
469,709
640,709
483,709
42,709
477,709
557,709
860,709
505,709
909,710
357,710
687,710
217,710
506,710
745,710
526,710
957,710
146,710
198,710
178,711
543,711
875,711
76,711
462,711
942,711
1,711
574,711
932,711
660,712
54,712
97,713
461,713
651,714
763,714
906,714
170,714
918,714
594,714
957,714
400,714
90,714
135,715
221,715
476,715
690,715
667,715
283,715
313,715
989,715
978,715
736,715
700,716
347,716
850,716
99,716
13,716
280,717
834,717
250,717
532,717
727,718
193,718
255,719
905,719
465,720
42,720
392,720
502,721
783,721
633,721
725,721
975,721
229,722
363,722
326,722
994,722
188,722
998,722
417,723
942,723
31,723
265,724
286,724
276,724
892,724
207,724
551,724
419,724
644,724
113,724
412,725
660,725
154,725
379,725
267,726
759,726
720,726
13,727
851,727
900,727
91,727
857,727
444,727
294,727
705,728
172,728
480,728
185,728
873,728
308,728
614,728
647,728
992,729
752,729
455,729
993,729
936,729
911,729
252,729
50,729
94,729
678,729
444,730
117,730
868,730
257,730
743,730
197,730
357,730
469,731
183,731
16,731
777,731
768,731
833,731
943,732
400,732
41,732
617,732
245,732
907,732
496,732
326,732
983,732
665,732
225,733
746,733
381,733
820,733
599,733
628,733
28,733
875,733
157,733
463,734
345,734
910,734
154,734
775,734
407,734
977,735
411,735
122,735
588,735
106,735
559,735
926,735
440,735
399,735
709,736
234,736
982,737
694,737
373,737
550,737
289,737
210,737
953,737
517,738
704,738
593,738
722,738
277,738
454,738
892,738
854,738
824,739
626,739
657,739
781,739
901,739
173,739
697,739
653,739
813,739
892,740
157,740
154,740
980,740
801,740
781,740
26,740
930,740
372,741
300,741
255,741
426,741
367,741
143,741
896,742
108,742
787,742
746,742
44,742
891,742
303,742
421,742
440,742
97,742
54,743
791,743
925,743
263,743
369,743
517,743
329,744
410,744
444,744
595,744
848,744
889,745
762,745
796,745
77,745
590,745
450,745
131,746
250,746
405,746
479,746
266,747
529,747
177,747
558,747
471,747
890,747
827,747
32,747
652,748
15,748
517,748
918,748
498,748
322,748
994,748
662,748
339,749
677,749
710,749
609,749
258,749
338,750
113,750
445,750
740,750
304,750
994,750
911,750
502,751
427,751
490,752
121,752
606,752
470,752
965,752
86,752
581,752
778,752
537,753
74,753
62,753
256,753
33,753
796,753
463,753
864,753
285,753
624,754
549,754
335,754
61,754
838,754
466,754
703,755
11,755
445,755
389,756
106,756
156,756
441,756
554,756
233,756
699,756
657,757
948,757
285,758
851,758
176,758
21,758
209,758
119,758
391,758
999,758
889,759
409,759
38,759
991,759
663,759
234,759
702,759
98,759
759,760
752,760
653,760
580,760
463,760
312,760
602,761
780,761
702,761
730,761
80,761
85,761
130,761
924,761
854,761
329,761
367,762
687,762
12,762
175,763
750,763
840,763
981,763
655,763
165,763
870,763
878,763
417,763
150,764
956,764
310,764
589,764
286,764
136,765
195,765
543,765
414,765
900,765
867,766
843,766
289,766
932,766
529,766
559,767
571,767
790,767
759,767
406,767
884,767
710,767
844,767
650,767
241,768
734,768
513,768
683,768
814,768
193,768
390,769
140,769
100,769
505,769
798,769
854,769
663,770
777,770
278,770
149,770
176,770
147,770
725,771
411,771
169,771
654,771
390,771
867,771
465,771
269,771
145,771
883,772
865,772
755,773
201,773
400,773
34,773
816,773
544,773
144,773
741,773
815,774
353,774
63,775
814,775
413,775
469,776
579,776
606,776
892,777
642,777
75,777
540,777
273,777
432,777
621,777
300,777
887,777
57,778
495,778
251,778
462,778
257,778
217,778
358,778
208,778
739,778
772,778
592,779
368,779
13,779
553,779
519,779
928,779
335,779
218,779
109,779
123,780
994,780
321,780
148,780
325,780
280,780
493,780
281,781
397,781
285,781
1,781
301,781
730,782
58,782
948,783
999,783
771,783
666,783
708,783
808,783
749,784
127,784
925,784
765,784
574,785
355,785
921,785
658,785
785,785
482,786
969,786
349,786
770,786
662,786
717,786
121,786
801,786
238,786
428,786
517,787
818,787
403,787
428,788
296,788
572,788
873,788
959,788
147,789
1,789
254,789
177,789
365,789
421,790
511,790
726,790
859,790
71,791
169,791
339,791
232,791
364,791
453,791
601,791
231,791
259,791
132,791
567,792
701,792
817,792
85,792
485,792
433,792
915,792
266,792
52,793
465,793
203,793
502,794
57,794
348,794
602,795
261,795
412,796
775,796
222,796
213,797
38,797
864,797
673,798
116,798
302,798
399,798
672,798
145,798
95,798
104,798
378,798
834,799
21,799
123,799
13,799
270,799
743,799
453,799
377,799
840,800
931,800
781,800
520,800
954,800
389,800
395,801
194,801
823,801
458,801
818,801
990,801
448,802
680,802
258,803
344,803
250,803
283,803
88,803
316,803
56,803
542,803
223,803
900,803
844,804
61,804
554,804
395,804
418,804
184,804
411,804
861,804
803,805
605,805
397,806
822,806
649,806
117,806
643,806
183,806
815,806
351,806
462,806
838,806
367,807
254,807
167,807
679,807
660,807
687,807
402,807
693,807
144,808
107,808
206,809
48,809
605,809
623,809
272,809
437,809
869,809
80,809
88,810
179,810
116,810
963,810
195,810
895,810
516,811
369,811
327,811
588,811
386,812
914,812
174,812
305,812
148,812
239,812
545,812
457,812
206,813
17,813
298,813
439,813
339,813
539,813
289,813
162,813
291,813
237,813
111,814
751,814
723,814
759,814
74,814
856,815
502,815
692,815
242,816
506,816
710,816
829,816
279,816
134,816
598,817
343,817
987,817
527,817
473,817
18,817
10,817
578,817
711,817
933,818
567,818
135,818
903,818
572,818
865,818
755,818
568,818
754,819
891,819
322,819
401,819
199,819
969,820
293,820
444,820
419,820
571,820
265,820
357,821
610,821
314,821
56,821
534,821
975,821
673,822
112,822
904,822
536,822
799,822
518,823
192,823
284,823
862,823
378,823
828,823
336,823
209,824
440,824
448,824
160,824
215,825
394,825
700,825
9,825
873,825
818,825
558,826
104,826
184,827
586,827
748,827
407,827
530,827
398,827
917,828
249,828
734,828
717,828
221,828
529,828
794,829
639,829
314,829
715,830
752,830
608,830
26,830
999,831
234,831
859,831
31,831
485,832
591,832
375,832
278,832
709,833
116,833
528,833
133,833
933,833
778,833
789,833
865,833
624,833
181,834
319,834
209,834
432,834
597,834
351,834
341,834
887,834
590,834
792,834
91,835
376,835
159,835
767,835
438,835
319,835
885,835
794,835
301,835
697,835
203,836
764,836
312,836
946,836
259,836
193,836
819,836
648,836
470,837
361,837
140,837
151,837
915,837
842,837
309,837
885,837
482,837
376,837
275,838
439,838
923,838
880,838
239,838
75,838
622,838
712,838
467,839
806,839
265,840
701,840
379,840
777,840
875,840
508,840
319,840
772,840
744,840
101,840
213,841
378,841
450,841
431,842
472,842
765,842
516,843
294,843
2,843
12,843
689,843
926,843
737,843
369,843
152,843
809,843
666,844
426,844
747,844
965,844
578,845
833,845
152,845
200,846
758,846
231,846
382,846
411,846
630,846
407,846
821,847
624,847
671,847
510,847
304,847
359,847
122,847
689,847
742,848
760,848
626,848
287,848
317,848
677,848
87,848
853,848
312,848
426,849
804,849
752,849
73,849
765,849
162,849
700,849
585,849
978,849
875,849
157,850
259,850
639,850
598,851
366,851
757,851
963,851
427,851
604,851
187,851
967,851
947,851
519,852
101,852
538,852
228,852
997,853
912,853
176,853
588,853
798,853
96,854
9,854
359,854
256,854
800,854
891,854
565,854
747,854
242,854
922,854
668,855
298,855
333,856
119,856
605,856
550,857
350,857
606,857
14,858
354,858
393,858
280,858
66,859
235,859
528,859
200,860
359,860
377,860
644,860
725,860
827,860
543,861
215,861
59,862
532,862
424,862
200,862
244,862
572,862
624,863
945,863
288,863
650,863
276,863
853,863
840,863
405,863
452,863
680,863
300,864
887,864
755,864
511,865
802,865
640,865
603,865
52,865
821,866
54,866
531,866
147,866
726,866
908,866
67,866
904,867
47,867
360,867
627,867
718,867
398,868
294,868
131,869
39,869
297,869
850,869
288,869
734,869
7,869
898,869
698,869
857,870
398,870
434,870
490,870
153,871
953,871
195,871
141,871
661,872
641,872
718,872
671,872
681,872
36,872
788,872
872,872
767,873
291,873
783,873
784,873
679,874
55,874
631,874
557,874
423,874
603,874
834,874
898,874
555,874
226,875
570,875
228,876
331,876
590,876
809,876
564,876
468,876
997,876
579,876
278,876
532,876
210,877
292,877
589,877
362,877
101,877
949,877
297,878
462,878
693,878
554,878
923,879
770,879
359,880
261,880
21,880
67,880
163,881
329,881
219,881
209,882
584,882
376,882
501,882
915,882
792,883
545,883
457,883
605,883
291,884
286,884
75,884
972,884
595,885
462,885
437,885
968,885
776,885
957,886
243,886
702,886
309,886
302,886
887,886
654,886
509,887
22,887
584,888
63,888
646,889
451,889
467,890
605,890
438,890
971,890
592,890
81,890
511,890
916,890
537,890
875,891
80,891
70,891
885,891
264,891
564,891
2,891
909,891
516,891
242,891
77,892
217,892
223,893
884,893
684,893
894,893
484,893
681,893
78,893
546,893
754,893
182,894
365,894
363,894
561,894
50,894
512,894
316,894
73,894
554,894
797,894
333,895
20,895
336,895
408,895
471,896
43,896
961,896
330,896
672,896
432,896
337,896
578,896
316,896
775,897
575,897
489,897
148,897
780,897
16,897
89,897
944,898
422,898
835,898
878,899
806,899
83,899
666,900
332,900
291,900
810,900
132,900
966,900
499,900
74,901
294,901
88,901
989,901
995,901
17,901
124,901
605,901
705,901
339,902
996,902
447,902
935,902
856,902
234,902
67,902
251,903
39,903
258,903
700,903
230,903
796,903
840,903
406,903
559,904
780,904
557,904
319,904
886,904
421,904
902,904
232,904
284,904
14,904
810,905
874,905
583,905
267,906
263,906
199,906
275,907
18,907
680,907
346,907
992,907
697,907
699,907
978,907
565,907
158,907
11,908
675,908
388,908
831,908
506,908
751,908
729,908
495,908
35,909
842,909
48,909
395,909
506,909
335,909
765,909
347,909
597,910
467,910
21,910
968,910
208,910
230,911
323,911
779,911
487,911
211,911
870,911
28,911
1,911
326,911
242,911
293,912
205,912
929,912
280,912
812,912
962,912
274,912
311,912
348,912
669,913
307,913
181,913
270,913
375,913
456,913
496,913
983,913
939,913
113,913
893,914
982,914
95,914
220,914
966,914
654,914
808,914
479,914
431,914
630,915
91,915
586,915
732,915
241,915
110,915
919,915
843,916
300,916
413,916
492,916
997,917
841,917
386,917
191,917
238,917
472,917
507,917
949,917
504,917
934,918
607,918
189,918
802,918
451,918
861,919
503,919
36,919
427,919
363,919
27,919
449,919
578,919
500,919
474,920
886,920
824,921
406,921
419,921
161,921
963,922
700,922
777,922
401,922
632,922
111,922
238,922
102,922
290,922
121,922
998,923
685,923
776,923
806,923
780,923
795,923
113,924
764,924
218,925
371,925
719,925
75,925
938,926
801,926
345,926
258,926
794,926
634,926
816,926
790,927
907,927
368,927
449,927
749,927
217,927
484,927
64,927
424,927
572,927
6,928
933,928
810,928
584,928
149,928
906,928
323,928
534,928
166,928
577,928
915,929
721,929
213,929
237,929
472,929
581,929
13,930
908,930
587,930
232,931
447,931
180,931
670,931
402,931
484,931
460,931
741,931
102,932
304,932
433,932
81,932
150,932
220,932
279,933
415,933
230,933
319,933
321,933
668,933
890,933
349,933
793,934
756,934
787,935
95,935
160,935
929,936
376,936
641,936
604,936
669,936
741,936
242,937
418,937
615,937
924,937
486,937
473,937
892,937
422,937
622,938
447,938
130,938
60,938
67,938
66,938
566,938
514,938
995,939
114,939
574,939
966,939
198,939
694,939
192,939
948,939
590,939
879,940
912,940
56,940
682,940
359,940
797,940
228,941
609,941
431,941
664,941
523,941
689,942
961,942
231,942
649,942
401,942
418,942
620,942
326,943
30,943
651,943
863,943
980,943
401,943
92,943
695,943
833,943
750,943
589,944
537,944
122,944
342,945
717,945
844,945
738,945
240,945
928,945
936,945
904,945
332,945
220,945
377,946
906,946
546,947
357,947
280,947
416,947
814,947
769,947
956,947
79,947
41,947
859,948
378,948
25,948
133,948
552,948
568,948
742,949
41,949
437,949
291,949
519,949
202,950
17,950
762,950
952,950
829,951
182,951
493,951
671,951
207,951
137,951
341,951
911,951
26,951
927,952
170,952
742,953
170,953
868,953
757,953
321,953
251,954
475,954
579,955
381,955
340,956
967,956
899,956
480,956
264,956
121,956
281,956
239,956
628,957
845,957
792,957
973,957
751,957
168,957
570,957
820,957
548,957
891,958
902,958
982,958
198,958
727,958
25,958
612,958
616,958
186,959
46,959
58,959
195,959
443,959
37,959
54,959
22,959
985,959
100,960
325,960
68,960
51,960
762,961
477,961
12,961
616,961
122,961
316,961
548,961
465,961
260,961
592,962
964,962
654,962
385,962
425,962
570,962
123,962
493,962
519,962
625,963
613,963
976,963
691,963
337,963
139,963
846,964
761,964
215,965
62,965
136,966
129,966
640,966
565,966
315,967
801,967
320,967
64,967
89,968
111,968
153,968
518,968
823,968
213,968
888,968
606,968
746,968
846,968
93,969
493,969
101,969
197,969
723,969
639,969
442,969
456,969
498,969
361,969
823,970
676,970
38,970
682,970
742,970
190,970
772,970
966,971
504,971
437,971
637,971
192,971
958,972
81,972
158,972
841,972
704,972
79,972
268,972
169,973
661,973
425,974
212,974
739,974
649,974
26,974
556,975
57,975
425,975
514,975
794,975
645,976
811,976
868,977
692,977
494,978
216,978
715,978
38,978
308,978
516,978
640,978
23,979
470,979
217,979
220,979
311,979
218,979
642,979
212,980
962,980
827,980
488,980
183,980
487,980
362,980
883,981
356,981
33,981
246,981
792,981
585,981
598,981
626,981
369,981
882,982
346,982
62,982
672,983
86,983
164,983
400,983
195,983
906,983
539,983
824,983
115,983
515,983
841,984
885,984
503,984
960,984
602,984
731,984
559,984
729,984
490,984
568,985
117,985
946,986
872,986
224,986
975,987
90,987
411,987
106,987
776,987
847,988
152,988
460,988
649,988
978,988
149,988
31,988
270,988
29,989
166,989
508,989
209,989
210,989
603,989
671,989
82,990
231,990
1000,990
799,990
55,990
105,990
675,990
717,991
363,991
72,991
44,991
852,991
449,991
584,991
454,992
686,992
488,992
537,992
277,992
38,993
732,993
125,993
82,993
37,993
168,994
877,994
256,994
128,994
32,994
362,994
300,994
248,994
430,994
596,994
2,995
552,995
139,995
302,995
309,995
372,995
143,995
319,995
505,995
870,996
373,996
710,996
204,996
648,996
556,996
614,996
830,996
233,996
885,997
252,997
138,997
845,997
745,997
716,997
881,997
60,997
776,997
823,997
316,998
637,998
711,998
250,999
194,999
104,999
736,999
47,999
830,1000
151,1000
216,1000
500,1000
395,1000
