id,name,created_at
1,lead_WbAfbO,2024-11-24 21:36:03
2,early_lK6i54,2024-11-24 21:36:03
3,often_S1PYq4,2024-11-24 21:36:03
4,cover_2gThXe,2024-11-24 21:36:03
5,visit_g0XjF2,2024-11-24 21:36:03
6,part_dtIzPJ,2024-11-24 21:36:03
7,cover_S6xxBE,2024-11-24 21:36:03
8,message_O62STO,2024-11-24 21:36:03
9,experience_mXSZyz,2024-11-24 21:36:03
10,beyond_JuRg4X,2024-11-24 21:36:03
11,word_9fip8y,2024-11-24 21:36:03
12,glass_zhUzrF,2024-11-24 21:36:03
13,everybody_AdIB3W,2024-11-24 21:36:03
14,leg_too1KS,2024-11-24 21:36:03
15,child_lm499i,2024-11-24 21:36:03
16,result_ipTw9N,2024-11-24 21:36:03
17,rich_qWmxnO,2024-11-24 21:36:03
18,however_Ne0dKJ,2024-11-24 21:36:03
19,job_YRdUgY,2024-11-24 21:36:03
20,dark_ZyD1X0,2024-11-24 21:36:03
21,best_hWz5v2,2024-11-24 21:36:03
22,trouble_JHgMTp,2024-11-24 21:36:03
23,officer_rjFlFd,2024-11-24 21:36:03
24,oil_Yza6Ne,2024-11-24 21:36:03
25,by_9Z7n43,2024-11-24 21:36:03
26,before_ZSPj0O,2024-11-24 21:36:03
27,need_8ugyyq,2024-11-24 21:36:03
28,three_WhoasQ,2024-11-24 21:36:03
29,whom_27UDRy,2024-11-24 21:36:03
30,voice_VGgaN6,2024-11-24 21:36:03
31,door_9VGFup,2024-11-24 21:36:03
32,bad_8mJEcF,2024-11-24 21:36:03
33,threat_0vKyaX,2024-11-24 21:36:03
34,music_0tK9WO,2024-11-24 21:36:03
35,type_OoWVul,2024-11-24 21:36:03
36,start_eCQbhj,2024-11-24 21:36:03
37,baby_E7xyLF,2024-11-24 21:36:03
38,number_UnWNV2,2024-11-24 21:36:03
39,myself_xOAoS9,2024-11-24 21:36:03
40,management_qU8YfT,2024-11-24 21:36:03
41,my_U3nA04,2024-11-24 21:36:03
42,rather_enXem8,2024-11-24 21:36:03
43,see_nioJVD,2024-11-24 21:36:03
44,myself_LXAWTF,2024-11-24 21:36:03
45,increase_txZiRD,2024-11-24 21:36:03
46,federal_TNpSIR,2024-11-24 21:36:03
47,staff_LnN44S,2024-11-24 21:36:03
48,billion_Dp2dnC,2024-11-24 21:36:03
49,manage_IQMibj,2024-11-24 21:36:03
50,everyone_Rs2vUb,2024-11-24 21:36:03
51,series_TFlsWn,2024-11-24 21:36:03
52,pull_Sn3avW,2024-11-24 21:36:03
53,single_b5opnS,2024-11-24 21:36:03
54,wife_P5Bgqu,2024-11-24 21:36:03
55,drug_MNqCmX,2024-11-24 21:36:03
56,none_8cyFfr,2024-11-24 21:36:03
57,court_w7Lf4u,2024-11-24 21:36:03
58,heavy_jrOovQ,2024-11-24 21:36:03
59,improve_oeUuI5,2024-11-24 21:36:03
60,money_Z6hb2y,2024-11-24 21:36:03
61,dark_MxDrf0,2024-11-24 21:36:03
62,give_dd1A7L,2024-11-24 21:36:03
63,place_woVS8H,2024-11-24 21:36:03
64,radio_ebyyiJ,2024-11-24 21:36:03
65,reveal_2AeUz3,2024-11-24 21:36:03
66,may_XYbMOe,2024-11-24 21:36:03
67,data_CkkrA6,2024-11-24 21:36:03
68,six_nImYou,2024-11-24 21:36:03
69,lawyer_hOzCXZ,2024-11-24 21:36:03
70,rule_6T4UAx,2024-11-24 21:36:03
71,despite_8KwOhO,2024-11-24 21:36:03
72,west_IWRFGk,2024-11-24 21:36:03
73,less_OD0FCP,2024-11-24 21:36:03
74,cover_5SAjzs,2024-11-24 21:36:03
75,career_z3DQ5u,2024-11-24 21:36:03
76,such_tuQAvd,2024-11-24 21:36:03
77,class_HfoBIu,2024-11-24 21:36:03
78,reach_oeKiKE,2024-11-24 21:36:03
79,race_GARhm3,2024-11-24 21:36:03
80,skin_e39c0h,2024-11-24 21:36:03
81,heavy_Q5me0y,2024-11-24 21:36:03
82,around_i5L6Jv,2024-11-24 21:36:03
83,many_Lf2AeE,2024-11-24 21:36:03
84,person_3QGJes,2024-11-24 21:36:03
85,chair_RpZ5oA,2024-11-24 21:36:03
86,entire_ILEM8P,2024-11-24 21:36:03
87,hope_V0PFqo,2024-11-24 21:36:03
88,scene_Fo7f7P,2024-11-24 21:36:03
89,bar_JDggVi,2024-11-24 21:36:03
90,value_00G8H5,2024-11-24 21:36:03
91,main_KouLMF,2024-11-24 21:36:03
92,American_O5gU8B,2024-11-24 21:36:03
93,finish_aG1fYp,2024-11-24 21:36:03
94,low_DIvqHq,2024-11-24 21:36:03
95,serve_dIFn5q,2024-11-24 21:36:03
96,ahead_nXu979,2024-11-24 21:36:03
97,rule_9ykOwG,2024-11-24 21:36:03
98,Mrs_Wx6oSv,2024-11-24 21:36:03
99,responsibility_8zQ5K0,2024-11-24 21:36:03
100,green_4P74FX,2024-11-24 21:36:03
101,me_tY4pSL,2024-11-24 21:36:03
102,everyone_FSgHLV,2024-11-24 21:36:03
103,environmental_huaO6j,2024-11-24 21:36:03
104,all_9NOBbT,2024-11-24 21:36:03
105,him_Xz0uWy,2024-11-24 21:36:03
106,sit_lYzrdk,2024-11-24 21:36:03
107,knowledge_Pb1VZ5,2024-11-24 21:36:03
108,low_Q4hwXP,2024-11-24 21:36:03
109,become_LCgdpw,2024-11-24 21:36:03
110,lose_9VKLE3,2024-11-24 21:36:03
111,prevent_5DT6s4,2024-11-24 21:36:03
112,argue_JFUdTw,2024-11-24 21:36:03
113,look_xliRmR,2024-11-24 21:36:03
114,minute_lIHoEZ,2024-11-24 21:36:03
115,wall_ebD2FD,2024-11-24 21:36:03
116,measure_9h6ZUu,2024-11-24 21:36:03
117,picture_12z15d,2024-11-24 21:36:03
118,machine_4HDcVh,2024-11-24 21:36:03
119,almost_IDQbWr,2024-11-24 21:36:03
120,budget_lYXuig,2024-11-24 21:36:03
121,arm_OHLgBY,2024-11-24 21:36:03
122,money_YFIrav,2024-11-24 21:36:03
123,indicate_RPLqHc,2024-11-24 21:36:03
124,American_QZR3su,2024-11-24 21:36:03
125,lead_sU28rP,2024-11-24 21:36:03
126,market_Sz7OGL,2024-11-24 21:36:03
127,ball_GmawmT,2024-11-24 21:36:03
128,fill_7Pw7u8,2024-11-24 21:36:03
129,article_ilLWgF,2024-11-24 21:36:03
130,claim_rJdpA7,2024-11-24 21:36:03
131,drop_J5p4z3,2024-11-24 21:36:03
132,training_dwPpzN,2024-11-24 21:36:03
133,prove_gOz2ma,2024-11-24 21:36:03
134,purpose_kzujs8,2024-11-24 21:36:03
135,able_AF56i7,2024-11-24 21:36:03
136,let_RTs44J,2024-11-24 21:36:03
137,five_CO4Mjk,2024-11-24 21:36:03
138,save_SJQ1J6,2024-11-24 21:36:03
139,person_QqHEW7,2024-11-24 21:36:03
140,assume_YZ8lYB,2024-11-24 21:36:03
141,son_asULwH,2024-11-24 21:36:03
142,class_oNRQIw,2024-11-24 21:36:03
143,start_v2v7ed,2024-11-24 21:36:03
144,attention_NItjKd,2024-11-24 21:36:03
145,way_ah6Wik,2024-11-24 21:36:03
146,effect_k36xrh,2024-11-24 21:36:03
147,three_t4kwvf,2024-11-24 21:36:03
148,general_ChKn2s,2024-11-24 21:36:03
149,successful_zf9WhK,2024-11-24 21:36:03
150,here_fhoc5z,2024-11-24 21:36:03
151,drug_ffLkRz,2024-11-24 21:36:03
152,plan_fwlPTr,2024-11-24 21:36:03
153,politics_NIaON6,2024-11-24 21:36:03
154,occur_ZWoLv9,2024-11-24 21:36:03
155,whole_BreRAy,2024-11-24 21:36:03
156,medical_UR7bDW,2024-11-24 21:36:03
157,per_xBnVLJ,2024-11-24 21:36:03
158,war_tU83hb,2024-11-24 21:36:03
159,eight_ecpBhg,2024-11-24 21:36:03
160,so_ycKnKg,2024-11-24 21:36:03
161,include_do0KAA,2024-11-24 21:36:03
162,national_FAtOTP,2024-11-24 21:36:03
163,open_sRx7Dh,2024-11-24 21:36:03
164,information_v6Fo2o,2024-11-24 21:36:03
165,him_sxmhFj,2024-11-24 21:36:03
166,long_If3y88,2024-11-24 21:36:03
167,that_71HaDo,2024-11-24 21:36:03
168,style_GJiSON,2024-11-24 21:36:03
169,could_MWJo9S,2024-11-24 21:36:03
170,the_c91hzz,2024-11-24 21:36:03
171,body_N2a0d0,2024-11-24 21:36:03
172,week_n7U0Ol,2024-11-24 21:36:03
173,ask_TFZkhN,2024-11-24 21:36:03
174,general_yXZOOR,2024-11-24 21:36:03
175,consider_Jwnhyc,2024-11-24 21:36:03
176,improve_D5v7Rp,2024-11-24 21:36:03
177,sign_ofgpOf,2024-11-24 21:36:03
178,yard_8E2cKB,2024-11-24 21:36:03
179,technology_WdILvU,2024-11-24 21:36:03
180,human_BLGE8s,2024-11-24 21:36:03
181,knowledge_53aIlG,2024-11-24 21:36:03
182,certainly_VPGaMs,2024-11-24 21:36:03
183,social_idWyah,2024-11-24 21:36:03
184,purpose_g9KfRP,2024-11-24 21:36:03
185,play_qX2YP3,2024-11-24 21:36:03
186,sea_gA4FkO,2024-11-24 21:36:03
187,walk_8uoT0v,2024-11-24 21:36:03
188,investment_jzdnqc,2024-11-24 21:36:03
189,pressure_gNTp3B,2024-11-24 21:36:03
190,laugh_zn2Dae,2024-11-24 21:36:03
191,skill_Xu5dVc,2024-11-24 21:36:03
192,attack_11t0qx,2024-11-24 21:36:03
193,organization_Mn0dQR,2024-11-24 21:36:03
194,marriage_hKz8EO,2024-11-24 21:36:03
195,doctor_A9zCCP,2024-11-24 21:36:03
196,program_WFtIqk,2024-11-24 21:36:03
197,together_TyCH4z,2024-11-24 21:36:03
198,professional_h8y0Pd,2024-11-24 21:36:03
199,only_VR87kg,2024-11-24 21:36:03
200,floor_wcP27H,2024-11-24 21:36:03
201,present_2l7ZgT,2024-11-24 21:36:03
202,second_Ziuo50,2024-11-24 21:36:03
203,stand_uqx0Qy,2024-11-24 21:36:03
204,particularly_jd9A3U,2024-11-24 21:36:03
205,pick_kO7g5z,2024-11-24 21:36:03
206,social_WuOdOm,2024-11-24 21:36:03
207,form_5Ih2SC,2024-11-24 21:36:03
208,military_pS4jTg,2024-11-24 21:36:03
209,degree_q3LVVJ,2024-11-24 21:36:03
210,company_5RCXzt,2024-11-24 21:36:03
211,appear_axWigR,2024-11-24 21:36:03
212,direction_xum2lP,2024-11-24 21:36:03
213,early_WR3TtU,2024-11-24 21:36:03
214,oil_2FvlWF,2024-11-24 21:36:03
215,government_siLh3t,2024-11-24 21:36:03
216,lot_QGg4Kl,2024-11-24 21:36:03
217,second_FeGgvd,2024-11-24 21:36:03
218,old_LWK9iZ,2024-11-24 21:36:03
219,fill_l7QgNP,2024-11-24 21:36:03
220,every_Clz80t,2024-11-24 21:36:03
221,every_MtUNMC,2024-11-24 21:36:03
222,quite_c8tcb2,2024-11-24 21:36:03
223,source_5gTIXv,2024-11-24 21:36:03
224,listen_4Bz8iN,2024-11-24 21:36:03
225,American_j3PJ21,2024-11-24 21:36:03
226,participant_QqHx6Z,2024-11-24 21:36:03
227,painting_0ZLLjy,2024-11-24 21:36:03
228,nothing_24txLv,2024-11-24 21:36:03
229,decide_fuegpG,2024-11-24 21:36:03
230,kind_R7Xn2l,2024-11-24 21:36:03
231,land_oqirbN,2024-11-24 21:36:03
232,amount_0WFmcC,2024-11-24 21:36:03
233,full_iBj1V3,2024-11-24 21:36:03
234,back_xwDwZT,2024-11-24 21:36:03
235,use_DmJ4sb,2024-11-24 21:36:03
236,thing_S3Qb01,2024-11-24 21:36:03
237,get_fFvJcP,2024-11-24 21:36:03
238,little_TewNtz,2024-11-24 21:36:03
239,hope_avO96E,2024-11-24 21:36:03
240,book_oSSSRs,2024-11-24 21:36:03
241,have_e7b2b4,2024-11-24 21:36:03
242,play_OkrlWq,2024-11-24 21:36:03
243,administration_DCCC3V,2024-11-24 21:36:03
244,contain_8Xk63k,2024-11-24 21:36:03
245,drug_U6zlVs,2024-11-24 21:36:03
246,western_gTLzFv,2024-11-24 21:36:03
247,occur_CMxZkQ,2024-11-24 21:36:03
248,go_t9ckK1,2024-11-24 21:36:03
249,fire_kOWlek,2024-11-24 21:36:03
250,size_6CeyG5,2024-11-24 21:36:03
251,begin_CiSTuB,2024-11-24 21:36:03
252,fund_h1AoeS,2024-11-24 21:36:03
253,remember_zFkA6O,2024-11-24 21:36:03
254,every_jTdyQE,2024-11-24 21:36:03
255,upon_zE7rAh,2024-11-24 21:36:03
256,similar_emTVYx,2024-11-24 21:36:03
257,real_61lIXK,2024-11-24 21:36:03
258,physical_OTGfjf,2024-11-24 21:36:03
259,wrong_qCBzbk,2024-11-24 21:36:03
260,official_ictLds,2024-11-24 21:36:03
261,life_2qSSfz,2024-11-24 21:36:03
262,eat_uCeDJE,2024-11-24 21:36:03
263,kitchen_EzAiUe,2024-11-24 21:36:03
264,light_hFONyt,2024-11-24 21:36:03
265,beyond_qcB8YZ,2024-11-24 21:36:03
266,whom_DK6iqu,2024-11-24 21:36:03
267,chair_S16yEl,2024-11-24 21:36:03
268,image_tJcoQ9,2024-11-24 21:36:03
269,organization_ujRoJQ,2024-11-24 21:36:03
270,near_3P4jRa,2024-11-24 21:36:03
271,bar_lAj3fA,2024-11-24 21:36:03
272,father_VRon37,2024-11-24 21:36:03
273,should_n3VZQ2,2024-11-24 21:36:03
274,most_Y1Unrw,2024-11-24 21:36:03
275,guess_5XnCCo,2024-11-24 21:36:03
276,night_7gCbZp,2024-11-24 21:36:03
277,technology_MvE9LJ,2024-11-24 21:36:03
278,toward_MVHgwn,2024-11-24 21:36:03
279,book_KwqMqF,2024-11-24 21:36:03
280,writer_CsoOAL,2024-11-24 21:36:03
281,onto_MA9r8z,2024-11-24 21:36:03
282,avoid_FjditZ,2024-11-24 21:36:03
283,method_tXyyCy,2024-11-24 21:36:03
284,put_ogQxeY,2024-11-24 21:36:03
285,election_m66xJp,2024-11-24 21:36:03
286,garden_WnANOm,2024-11-24 21:36:03
287,local_JNfdP7,2024-11-24 21:36:03
288,loss_O1gC4g,2024-11-24 21:36:03
289,company_uIha48,2024-11-24 21:36:03
290,various_zrBryt,2024-11-24 21:36:03
291,culture_7RcI5r,2024-11-24 21:36:03
292,tell_8hHuD8,2024-11-24 21:36:03
293,camera_CsGjM6,2024-11-24 21:36:03
294,serve_2cIttS,2024-11-24 21:36:03
295,town_ayzAN4,2024-11-24 21:36:03
296,customer_n1vX8x,2024-11-24 21:36:03
297,economy_XhovXF,2024-11-24 21:36:03
298,job_jnGfsE,2024-11-24 21:36:03
299,leg_gQAJwA,2024-11-24 21:36:03
300,raise_cVUOtH,2024-11-24 21:36:03
301,resource_sqGc0w,2024-11-24 21:36:03
302,surface_CbqQDr,2024-11-24 21:36:03
303,draw_jWvwa4,2024-11-24 21:36:03
304,risk_0PLmXH,2024-11-24 21:36:03
305,military_6nv2Xk,2024-11-24 21:36:03
306,car_k5Sgmn,2024-11-24 21:36:03
307,more_XCazV1,2024-11-24 21:36:03
308,level_oCFUzx,2024-11-24 21:36:03
309,share_cd61jv,2024-11-24 21:36:03
310,not_1YepeI,2024-11-24 21:36:03
311,sometimes_1Gi3vJ,2024-11-24 21:36:03
312,ten_ekioJq,2024-11-24 21:36:03
313,concern_e8xrDr,2024-11-24 21:36:03
314,price_g1amyJ,2024-11-24 21:36:03
315,go_8anQb3,2024-11-24 21:36:03
316,then_G1ScNE,2024-11-24 21:36:03
317,themselves_HBiyBc,2024-11-24 21:36:03
318,door_zXYgiU,2024-11-24 21:36:03
319,establish_xS9tVz,2024-11-24 21:36:03
320,data_9QmVfT,2024-11-24 21:36:03
321,trade_ZkbHe9,2024-11-24 21:36:03
322,organization_vlvBgp,2024-11-24 21:36:03
323,control_4YLFq4,2024-11-24 21:36:03
324,success_MUjqfY,2024-11-24 21:36:03
325,rate_FKLKjt,2024-11-24 21:36:03
326,administration_2ssbjB,2024-11-24 21:36:03
327,light_Rbi3pw,2024-11-24 21:36:03
328,start_JnPdlv,2024-11-24 21:36:03
329,spring_ll7yTw,2024-11-24 21:36:03
330,trip_88QkGt,2024-11-24 21:36:03
331,election_2ROcjt,2024-11-24 21:36:03
332,but_pyEzfO,2024-11-24 21:36:03
333,Congress_ecrnd4,2024-11-24 21:36:03
334,note_l5rqZQ,2024-11-24 21:36:03
335,hot_JzwsWZ,2024-11-24 21:36:03
336,might_FT54Bc,2024-11-24 21:36:03
337,action_50hh7K,2024-11-24 21:36:03
338,serious_TwosPJ,2024-11-24 21:36:03
339,sit_bIO8IB,2024-11-24 21:36:03
340,career_ofLjTr,2024-11-24 21:36:03
341,anyone_uG2zBv,2024-11-24 21:36:03
342,build_00NkaA,2024-11-24 21:36:03
343,partner_AkhMXV,2024-11-24 21:36:03
344,leg_Nia0eu,2024-11-24 21:36:03
345,important_CKbMYT,2024-11-24 21:36:03
346,husband_WPdeKF,2024-11-24 21:36:03
347,factor_ys7TwX,2024-11-24 21:36:03
348,although_WCaksL,2024-11-24 21:36:03
349,hour_bAQ9Ww,2024-11-24 21:36:03
350,camera_kTRST5,2024-11-24 21:36:03
351,management_s1GuEK,2024-11-24 21:36:03
352,piece_jTcQFk,2024-11-24 21:36:03
353,hard_QVKPAs,2024-11-24 21:36:03
354,another_JkCyY9,2024-11-24 21:36:03
355,fast_t1CkIa,2024-11-24 21:36:03
356,region_FojPyx,2024-11-24 21:36:03
357,step_buUzjQ,2024-11-24 21:36:03
358,us_M1bq80,2024-11-24 21:36:03
359,test_dRcaLc,2024-11-24 21:36:03
360,about_0GGAzM,2024-11-24 21:36:03
361,consider_bmRPgd,2024-11-24 21:36:03
362,raise_sHk1vD,2024-11-24 21:36:03
363,message_fpiF18,2024-11-24 21:36:03
364,among_9Dgrlm,2024-11-24 21:36:03
365,including_pFn4q8,2024-11-24 21:36:03
366,class_Hv52cV,2024-11-24 21:36:03
367,perhaps_mI2Sfq,2024-11-24 21:36:03
368,table_g4EpPP,2024-11-24 21:36:03
369,behind_qfPGTN,2024-11-24 21:36:03
370,necessary_l50Dvq,2024-11-24 21:36:03
371,group_NcN5Ep,2024-11-24 21:36:03
372,then_QBWEJu,2024-11-24 21:36:03
373,action_jzCyl0,2024-11-24 21:36:03
374,almost_0wIIvm,2024-11-24 21:36:03
375,political_jw6sI5,2024-11-24 21:36:03
376,after_KU3UY4,2024-11-24 21:36:03
377,cup_ZpABe5,2024-11-24 21:36:03
378,do_gmic95,2024-11-24 21:36:03
379,could_lvsMKV,2024-11-24 21:36:03
380,fire_LThWY7,2024-11-24 21:36:03
381,really_lvo6rI,2024-11-24 21:36:03
382,hospital_WKJqNa,2024-11-24 21:36:03
383,avoid_BTyIOc,2024-11-24 21:36:03
384,visit_klGrDL,2024-11-24 21:36:03
385,follow_EobZsX,2024-11-24 21:36:03
386,high_gp9L5j,2024-11-24 21:36:03
387,something_jowIro,2024-11-24 21:36:03
388,industry_T3e8ly,2024-11-24 21:36:03
389,do_orgsiS,2024-11-24 21:36:03
390,begin_pxNk8D,2024-11-24 21:36:03
391,enjoy_8U2UPD,2024-11-24 21:36:03
392,one_ZDGXee,2024-11-24 21:36:03
393,country_kyBJR7,2024-11-24 21:36:03
394,hot_ry6peS,2024-11-24 21:36:03
395,enjoy_fFcRWU,2024-11-24 21:36:03
396,result_SjDLJJ,2024-11-24 21:36:03
397,those_9kKfIt,2024-11-24 21:36:03
398,style_Lj5Kaw,2024-11-24 21:36:03
399,thus_tbOgeP,2024-11-24 21:36:03
400,mission_JlQRID,2024-11-24 21:36:03
401,country_vpbZvm,2024-11-24 21:36:03
402,budget_TAdChu,2024-11-24 21:36:03
403,song_aV2GZp,2024-11-24 21:36:03
404,hair_KDs1O2,2024-11-24 21:36:03
405,three_upOZG7,2024-11-24 21:36:03
406,energy_jG9kxy,2024-11-24 21:36:03
407,Mrs_GRDzj8,2024-11-24 21:36:03
408,country_Cb1bGn,2024-11-24 21:36:03
409,them_L7d6mI,2024-11-24 21:36:03
410,between_woteAE,2024-11-24 21:36:03
411,tree_oNcfpm,2024-11-24 21:36:03
412,return_akribq,2024-11-24 21:36:03
413,best_MukyBt,2024-11-24 21:36:03
414,present_fdcc3K,2024-11-24 21:36:03
415,child_8urevP,2024-11-24 21:36:03
416,require_kPNGiD,2024-11-24 21:36:03
417,scene_zgXhQW,2024-11-24 21:36:03
418,case_v8eBKd,2024-11-24 21:36:03
419,teacher_4Q3alj,2024-11-24 21:36:03
420,class_00BVi6,2024-11-24 21:36:03
421,wish_nLLd02,2024-11-24 21:36:03
422,top_oWltD6,2024-11-24 21:36:03
423,memory_CzSrmZ,2024-11-24 21:36:03
424,rock_NF1zdF,2024-11-24 21:36:03
425,walk_ZPf4L7,2024-11-24 21:36:03
426,young_nscVUE,2024-11-24 21:36:03
427,ready_7wehmH,2024-11-24 21:36:03
428,tell_NZDmKu,2024-11-24 21:36:03
429,us_EgTJbT,2024-11-24 21:36:03
430,under_gXkBNT,2024-11-24 21:36:03
431,wall_IsjteM,2024-11-24 21:36:03
432,physical_CVmsN5,2024-11-24 21:36:03
433,deal_9N0tIC,2024-11-24 21:36:03
434,all_mneEs7,2024-11-24 21:36:03
435,tonight_JcfAP6,2024-11-24 21:36:03
436,according_IH1PWf,2024-11-24 21:36:03
437,boy_GgpdyP,2024-11-24 21:36:03
438,push_pe24zz,2024-11-24 21:36:03
439,growth_kJD0Ay,2024-11-24 21:36:03
440,boy_XQ4ftY,2024-11-24 21:36:03
441,city_AnNDGd,2024-11-24 21:36:03
442,give_C0vxnJ,2024-11-24 21:36:03
443,still_fzIZt5,2024-11-24 21:36:03
444,game_7P0dAA,2024-11-24 21:36:03
445,shoulder_erZ7mv,2024-11-24 21:36:03
446,simple_zQd4iK,2024-11-24 21:36:03
447,one_FXuTyM,2024-11-24 21:36:03
448,family_TcLXmd,2024-11-24 21:36:03
449,machine_utd18k,2024-11-24 21:36:03
450,today_umrjB0,2024-11-24 21:36:03
451,morning_smVnk8,2024-11-24 21:36:03
452,sea_9QKjbh,2024-11-24 21:36:03
453,tough_5j2qIZ,2024-11-24 21:36:03
454,town_UZd5Id,2024-11-24 21:36:03
455,safe_TzqBgk,2024-11-24 21:36:03
456,growth_FnI9Ch,2024-11-24 21:36:03
457,dark_XqLQUP,2024-11-24 21:36:03
458,region_QystIL,2024-11-24 21:36:03
459,more_yYSWsW,2024-11-24 21:36:03
460,impact_BbgFqS,2024-11-24 21:36:03
461,black_NQGSCu,2024-11-24 21:36:03
462,party_AppcxI,2024-11-24 21:36:03
463,evidence_rIoSbj,2024-11-24 21:36:03
464,interesting_GdJvkG,2024-11-24 21:36:03
465,specific_pgs0yK,2024-11-24 21:36:03
466,win_y1YHec,2024-11-24 21:36:03
467,kid_KySPHj,2024-11-24 21:36:03
468,it_MAM61F,2024-11-24 21:36:03
469,picture_2lrSa4,2024-11-24 21:36:03
470,idea_o5ohgp,2024-11-24 21:36:03
471,consider_8P6zgN,2024-11-24 21:36:03
472,war_t69hPZ,2024-11-24 21:36:03
473,production_0rR6p2,2024-11-24 21:36:03
474,how_VUmiMe,2024-11-24 21:36:03
475,seek_IeLyA8,2024-11-24 21:36:03
476,see_bbIKbR,2024-11-24 21:36:03
477,head_8qJ4Jy,2024-11-24 21:36:03
478,first_kfyjYg,2024-11-24 21:36:03
479,under_222MGt,2024-11-24 21:36:03
480,notice_OrimT8,2024-11-24 21:36:03
481,whole_ZiJxjd,2024-11-24 21:36:03
482,both_cIwHCY,2024-11-24 21:36:03
483,kind_c8rG4H,2024-11-24 21:36:03
484,audience_ctP1gX,2024-11-24 21:36:03
485,kitchen_cUgFiw,2024-11-24 21:36:03
486,guy_xZFGGq,2024-11-24 21:36:03
487,table_kWHWIE,2024-11-24 21:36:03
488,visit_mIYjcF,2024-11-24 21:36:03
489,daughter_X0OJgr,2024-11-24 21:36:03
490,kitchen_4kD14t,2024-11-24 21:36:03
491,least_csMVbc,2024-11-24 21:36:03
492,test_qlHXsu,2024-11-24 21:36:03
493,near_joKkQw,2024-11-24 21:36:03
494,rise_lMnMlB,2024-11-24 21:36:03
495,financial_jpKLp5,2024-11-24 21:36:03
496,argue_itjGcQ,2024-11-24 21:36:03
497,population_9Nlqkl,2024-11-24 21:36:03
498,condition_VDMfK8,2024-11-24 21:36:03
499,performance_5bXMoo,2024-11-24 21:36:03
500,say_dezuAb,2024-11-24 21:36:03
501,likely_mNbTnm,2024-11-24 21:36:03
502,research_W5UVdf,2024-11-24 21:36:03
503,too_sG5eXU,2024-11-24 21:36:03
504,floor_rJzNRk,2024-11-24 21:36:03
505,early_seee04,2024-11-24 21:36:03
506,paper_K7ygAO,2024-11-24 21:36:03
507,drop_KQ4X4O,2024-11-24 21:36:03
508,within_fbKnAn,2024-11-24 21:36:03
509,pick_Snfr1z,2024-11-24 21:36:03
510,exist_SNMLST,2024-11-24 21:36:03
511,soldier_y6imdY,2024-11-24 21:36:03
512,determine_FrbSb5,2024-11-24 21:36:03
513,stage_1esHyo,2024-11-24 21:36:03
514,green_nRZrzW,2024-11-24 21:36:03
515,sport_X4Un0x,2024-11-24 21:36:03
516,wall_ExYYOC,2024-11-24 21:36:03
517,big_GrWeeR,2024-11-24 21:36:03
518,investment_5GXtMX,2024-11-24 21:36:03
519,white_OrYwik,2024-11-24 21:36:03
520,majority_GLbnjp,2024-11-24 21:36:03
521,future_91bAiJ,2024-11-24 21:36:03
522,think_7hhNI5,2024-11-24 21:36:03
523,while_ketsAE,2024-11-24 21:36:03
524,spring_UNgROb,2024-11-24 21:36:03
525,theory_t63s6I,2024-11-24 21:36:03
526,early_eFOXYx,2024-11-24 21:36:03
527,laugh_q8A8C5,2024-11-24 21:36:03
528,specific_xtDher,2024-11-24 21:36:03
529,school_ZqAxoC,2024-11-24 21:36:03
530,next_q1V3i1,2024-11-24 21:36:03
531,measure_i260Kj,2024-11-24 21:36:03
532,especially_4benzc,2024-11-24 21:36:03
533,himself_Rl5tXO,2024-11-24 21:36:03
534,open_1wOnrl,2024-11-24 21:36:03
535,draw_rCU4cm,2024-11-24 21:36:03
536,example_QQGTT2,2024-11-24 21:36:03
537,benefit_XuZjwz,2024-11-24 21:36:03
538,process_gqshvB,2024-11-24 21:36:03
539,happen_L3SJfb,2024-11-24 21:36:03
540,affect_wbn3jB,2024-11-24 21:36:03
541,throughout_LDzGqz,2024-11-24 21:36:03
542,poor_kUIdhO,2024-11-24 21:36:03
543,charge_4C3nIq,2024-11-24 21:36:03
544,only_OPT7t5,2024-11-24 21:36:03
545,challenge_rtGrIL,2024-11-24 21:36:03
546,expert_m5TvCr,2024-11-24 21:36:03
547,save_GdkXCf,2024-11-24 21:36:03
548,people_twJDHH,2024-11-24 21:36:03
549,glass_TvJefY,2024-11-24 21:36:03
550,too_QmqUs8,2024-11-24 21:36:03
551,grow_bKKaIF,2024-11-24 21:36:03
552,consumer_jqlgvF,2024-11-24 21:36:03
553,good_FoMOzQ,2024-11-24 21:36:03
554,year_CKsKkJ,2024-11-24 21:36:03
555,adult_CQsfwM,2024-11-24 21:36:03
556,from_HjEDrz,2024-11-24 21:36:03
557,wear_JEd33y,2024-11-24 21:36:03
558,capital_ec85yJ,2024-11-24 21:36:03
559,night_6kzSob,2024-11-24 21:36:03
560,mouth_KMhJmW,2024-11-24 21:36:03
561,foot_1mnNrP,2024-11-24 21:36:03
562,walk_qLAIiu,2024-11-24 21:36:03
563,increase_d9H7Ai,2024-11-24 21:36:03
564,similar_XjOtXX,2024-11-24 21:36:03
565,effect_ZRrFHh,2024-11-24 21:36:03
566,billion_RKW57a,2024-11-24 21:36:03
567,visit_jDqlHV,2024-11-24 21:36:03
568,drive_8Q9xrq,2024-11-24 21:36:03
569,owner_jIYc3C,2024-11-24 21:36:03
570,worry_3SnvF9,2024-11-24 21:36:03
571,send_6K852i,2024-11-24 21:36:03
572,assume_NlG233,2024-11-24 21:36:03
573,level_BdCb6A,2024-11-24 21:36:03
574,century_9I0ZUt,2024-11-24 21:36:03
575,board_ZNgQcw,2024-11-24 21:36:03
576,which_TLDmn0,2024-11-24 21:36:03
577,future_0Gfvo4,2024-11-24 21:36:03
578,bit_RjHHXw,2024-11-24 21:36:03
579,force_CYdWcX,2024-11-24 21:36:03
580,pass_mmOshu,2024-11-24 21:36:03
581,blue_nXrMTT,2024-11-24 21:36:03
582,rate_9RdTWs,2024-11-24 21:36:03
583,reality_yaxbbk,2024-11-24 21:36:03
584,wall_9AkvIm,2024-11-24 21:36:03
585,record_l98Xyh,2024-11-24 21:36:03
586,attack_uh4lPT,2024-11-24 21:36:03
587,bag_QNGH6a,2024-11-24 21:36:03
588,big_eEvstj,2024-11-24 21:36:03
589,trial_bgDvNw,2024-11-24 21:36:03
590,one_1hkEsq,2024-11-24 21:36:03
591,ask_jBVrdw,2024-11-24 21:36:03
592,section_KstFr4,2024-11-24 21:36:03
593,international_NprNeo,2024-11-24 21:36:03
594,stage_4r14vT,2024-11-24 21:36:03
595,understand_VQ8H07,2024-11-24 21:36:03
596,mention_xIYSmn,2024-11-24 21:36:03
597,official_bC1HXK,2024-11-24 21:36:03
598,consider_d7BVGB,2024-11-24 21:36:03
599,stay_Mp7Wcc,2024-11-24 21:36:03
600,beyond_3bqcO4,2024-11-24 21:36:03
601,discuss_TTSlQ9,2024-11-24 21:36:03
602,pressure_1k0zVI,2024-11-24 21:36:03
603,by_rXJCqJ,2024-11-24 21:36:03
604,write_mpnCXD,2024-11-24 21:36:03
605,keep_Wkr7eD,2024-11-24 21:36:03
606,language_cOM4Gn,2024-11-24 21:36:03
607,drop_1PeN0o,2024-11-24 21:36:03
608,wide_uwHEyq,2024-11-24 21:36:03
609,occur_cJDdCs,2024-11-24 21:36:03
610,let_S0ESSL,2024-11-24 21:36:03
611,glass_94Xtdb,2024-11-24 21:36:03
612,central_Ft2STc,2024-11-24 21:36:03
613,law_0Xc48V,2024-11-24 21:36:03
614,other_wW2lM5,2024-11-24 21:36:03
615,weight_WckZV1,2024-11-24 21:36:03
616,man_EpIRrw,2024-11-24 21:36:03
617,drive_Z6UEG0,2024-11-24 21:36:03
618,site_BTKGC6,2024-11-24 21:36:03
619,company_nkhLh3,2024-11-24 21:36:03
620,process_yakksk,2024-11-24 21:36:03
621,cup_GRHPUm,2024-11-24 21:36:03
622,visit_6x1LeI,2024-11-24 21:36:03
623,everybody_qy8hK6,2024-11-24 21:36:03
624,quite_YjjVkK,2024-11-24 21:36:03
625,about_3XYJDs,2024-11-24 21:36:03
626,cut_BNHxYK,2024-11-24 21:36:03
627,decide_lGYGOE,2024-11-24 21:36:03
628,situation_SJP9rG,2024-11-24 21:36:03
629,subject_Jb4iSz,2024-11-24 21:36:03
630,artist_CdxOVs,2024-11-24 21:36:03
631,bad_bAPSs0,2024-11-24 21:36:03
632,off_0StSSB,2024-11-24 21:36:03
633,nation_zHNI9u,2024-11-24 21:36:03
634,choose_YtiB7U,2024-11-24 21:36:03
635,they_RCDGCL,2024-11-24 21:36:03
636,seek_aVVfhm,2024-11-24 21:36:03
637,list_lBNcFp,2024-11-24 21:36:03
638,hope_BtZMvU,2024-11-24 21:36:03
639,white_ktpw7q,2024-11-24 21:36:03
640,oil_wDJDJB,2024-11-24 21:36:03
641,remember_S82h14,2024-11-24 21:36:03
642,test_9QXKvj,2024-11-24 21:36:03
643,reason_YhTm9T,2024-11-24 21:36:03
644,world_9LsWC4,2024-11-24 21:36:03
645,ask_Hcznie,2024-11-24 21:36:03
646,forward_Nmh9VJ,2024-11-24 21:36:03
647,understand_76CcIF,2024-11-24 21:36:03
648,since_WWluem,2024-11-24 21:36:03
649,explain_GQwgE1,2024-11-24 21:36:03
650,several_E1Piql,2024-11-24 21:36:03
651,answer_Pm75Qa,2024-11-24 21:36:03
652,message_JHivs1,2024-11-24 21:36:03
653,health_GS3Akx,2024-11-24 21:36:03
654,place_gIuG1j,2024-11-24 21:36:03
655,daughter_cAt02m,2024-11-24 21:36:03
656,wife_ErlsSZ,2024-11-24 21:36:03
657,follow_pGmXGA,2024-11-24 21:36:03
658,yet_EgyOMG,2024-11-24 21:36:03
659,memory_Mor9oE,2024-11-24 21:36:03
660,break_ysyRWu,2024-11-24 21:36:03
661,home_zaECgZ,2024-11-24 21:36:03
662,response_mPKhDF,2024-11-24 21:36:03
663,service_cWHMlZ,2024-11-24 21:36:03
664,should_xOD2Z2,2024-11-24 21:36:03
665,occur_QklzL6,2024-11-24 21:36:03
666,prepare_Za3Ab5,2024-11-24 21:36:03
667,wait_zlMyY1,2024-11-24 21:36:03
668,figure_4VF2Gj,2024-11-24 21:36:03
669,computer_YXmG9z,2024-11-24 21:36:03
670,show_ubXI9O,2024-11-24 21:36:03
671,fire_CVKpdY,2024-11-24 21:36:03
672,history_DHLrQL,2024-11-24 21:36:03
673,across_9z4Zq6,2024-11-24 21:36:03
674,data_xFDCde,2024-11-24 21:36:03
675,low_qoYqSr,2024-11-24 21:36:03
676,night_HOU24s,2024-11-24 21:36:03
677,if_KLEQjt,2024-11-24 21:36:03
678,finally_i76K5t,2024-11-24 21:36:03
679,production_hw7F7y,2024-11-24 21:36:03
680,simple_Pchlbm,2024-11-24 21:36:03
681,garden_48f4vQ,2024-11-24 21:36:03
682,control_5IfnGX,2024-11-24 21:36:03
683,group_7ECRQV,2024-11-24 21:36:03
684,pay_3ynMYN,2024-11-24 21:36:03
685,because_oVAkbl,2024-11-24 21:36:03
686,gun_QiLygv,2024-11-24 21:36:03
687,husband_sPFHmY,2024-11-24 21:36:03
688,fact_Gl3L1g,2024-11-24 21:36:03
689,center_gvrXT0,2024-11-24 21:36:03
690,success_yOF406,2024-11-24 21:36:03
691,stay_28gc1i,2024-11-24 21:36:03
692,to_YYyBo9,2024-11-24 21:36:03
693,only_rFmvsf,2024-11-24 21:36:03
694,of_fX62Lr,2024-11-24 21:36:03
695,rather_ul1c4s,2024-11-24 21:36:03
696,manager_6KZZQk,2024-11-24 21:36:03
697,week_cVbTUB,2024-11-24 21:36:03
698,summer_kHA7eX,2024-11-24 21:36:03
699,onto_FIPIKS,2024-11-24 21:36:03
700,way_DxlePf,2024-11-24 21:36:03
701,could_uq0eTm,2024-11-24 21:36:03
702,particular_bdljO7,2024-11-24 21:36:03
703,remain_Q85nAM,2024-11-24 21:36:03
704,along_qUvSrT,2024-11-24 21:36:03
705,price_0w4L6J,2024-11-24 21:36:03
706,make_EEbqxg,2024-11-24 21:36:03
707,TV_liO1X9,2024-11-24 21:36:03
708,scientist_WkSv5X,2024-11-24 21:36:03
709,government_UsWSYz,2024-11-24 21:36:03
710,address_jPZCHx,2024-11-24 21:36:03
711,do_6OOqlz,2024-11-24 21:36:03
712,guy_fJFird,2024-11-24 21:36:03
713,apply_9JVPPM,2024-11-24 21:36:03
714,suggest_fKU126,2024-11-24 21:36:03
715,ok_5AMAB5,2024-11-24 21:36:03
716,exactly_5Rprpb,2024-11-24 21:36:03
717,deal_z97UVc,2024-11-24 21:36:03
718,what_yfdKSv,2024-11-24 21:36:03
719,not_Ire4u0,2024-11-24 21:36:03
720,father_ozpcB4,2024-11-24 21:36:03
721,recent_8Qev5Q,2024-11-24 21:36:03
722,same_vO5pV8,2024-11-24 21:36:03
723,eye_Q941r4,2024-11-24 21:36:03
724,either_QlmoX9,2024-11-24 21:36:03
725,maintain_75KOBG,2024-11-24 21:36:03
726,on_S02S5Z,2024-11-24 21:36:03
727,occur_b5ymZ5,2024-11-24 21:36:03
728,drive_Wz0tLp,2024-11-24 21:36:03
729,accept_pqSoBN,2024-11-24 21:36:03
730,purpose_nR1pH2,2024-11-24 21:36:03
731,during_Qnb0wq,2024-11-24 21:36:03
732,sing_JuqEXW,2024-11-24 21:36:03
733,camera_1LYC3y,2024-11-24 21:36:03
734,she_SxFR5e,2024-11-24 21:36:03
735,pick_1vgrrm,2024-11-24 21:36:03
736,whose_u6PHrq,2024-11-24 21:36:03
737,certain_OJLCTS,2024-11-24 21:36:03
738,sound_nAuWqp,2024-11-24 21:36:03
739,claim_r1nvpx,2024-11-24 21:36:03
740,could_z6szPu,2024-11-24 21:36:03
741,glass_25pfb1,2024-11-24 21:36:03
742,drop_E5klkC,2024-11-24 21:36:03
743,put_UJ3BO8,2024-11-24 21:36:03
744,among_LAbwZ2,2024-11-24 21:36:03
745,truth_FrY9JK,2024-11-24 21:36:03
746,so_1YMcsr,2024-11-24 21:36:03
747,lose_uUH4ty,2024-11-24 21:36:03
748,pick_aKJcMf,2024-11-24 21:36:03
749,opportunity_d7MItt,2024-11-24 21:36:03
750,perhaps_Vg8a8f,2024-11-24 21:36:03
751,particularly_hS3FNV,2024-11-24 21:36:03
752,care_x9RkU6,2024-11-24 21:36:03
753,film_YDwaAw,2024-11-24 21:36:03
754,myself_DQTjFI,2024-11-24 21:36:03
755,require_AGU2XY,2024-11-24 21:36:03
756,north_pvYgR6,2024-11-24 21:36:03
757,low_v2QkMw,2024-11-24 21:36:03
758,manage_1Sby0H,2024-11-24 21:36:03
759,director_e6WJlS,2024-11-24 21:36:03
760,know_JOCNWx,2024-11-24 21:36:03
761,window_uKKGNK,2024-11-24 21:36:03
762,happy_RH2WLq,2024-11-24 21:36:03
763,development_LD6LR9,2024-11-24 21:36:03
764,approach_Yr4igj,2024-11-24 21:36:03
765,young_A3I7EG,2024-11-24 21:36:03
766,every_T2iMtz,2024-11-24 21:36:03
767,property_fJb2Mr,2024-11-24 21:36:03
768,son_VszMlU,2024-11-24 21:36:03
769,me_kXVO6t,2024-11-24 21:36:03
770,difficult_YxTmRh,2024-11-24 21:36:03
771,religious_sAtLs1,2024-11-24 21:36:03
772,trial_6h81NM,2024-11-24 21:36:03
773,accept_YNylhW,2024-11-24 21:36:03
774,assume_EtlaQM,2024-11-24 21:36:03
775,want_3FXYvw,2024-11-24 21:36:03
776,successful_L8Yi7Q,2024-11-24 21:36:03
777,listen_3KEoZa,2024-11-24 21:36:03
778,bad_tGuTU0,2024-11-24 21:36:03
779,something_IyCEvH,2024-11-24 21:36:03
780,imagine_jpFQjq,2024-11-24 21:36:03
781,consider_GfVtep,2024-11-24 21:36:03
782,production_uEFqAh,2024-11-24 21:36:03
783,data_Ced6xn,2024-11-24 21:36:03
784,team_sOWku5,2024-11-24 21:36:03
785,sure_HFbzsY,2024-11-24 21:36:03
786,edge_POhqSo,2024-11-24 21:36:03
787,prepare_Pb17K7,2024-11-24 21:36:03
788,our_heNK2X,2024-11-24 21:36:03
789,speak_kGdAy3,2024-11-24 21:36:03
790,can_uNGynq,2024-11-24 21:36:03
791,reveal_t7wRNr,2024-11-24 21:36:03
792,adult_ZORSph,2024-11-24 21:36:03
793,practice_aIcg2j,2024-11-24 21:36:03
794,address_j6Ahsa,2024-11-24 21:36:03
795,education_FMxJ6l,2024-11-24 21:36:03
796,weight_WgOyiE,2024-11-24 21:36:03
797,fire_f0FCAy,2024-11-24 21:36:03
798,I_trsWeI,2024-11-24 21:36:03
799,thing_qcx7k2,2024-11-24 21:36:03
800,system_2uoVoF,2024-11-24 21:36:03
801,exist_3eJSS2,2024-11-24 21:36:03
802,check_DfaagH,2024-11-24 21:36:03
803,skin_fCoZsm,2024-11-24 21:36:03
804,produce_Q2Uxtg,2024-11-24 21:36:03
805,establish_HfWF0I,2024-11-24 21:36:03
806,senior_VFIoAn,2024-11-24 21:36:03
807,Mr_9fpGdO,2024-11-24 21:36:03
808,check_h2vbeV,2024-11-24 21:36:03
809,direction_onCYCc,2024-11-24 21:36:03
810,cut_S8u5o1,2024-11-24 21:36:03
811,cold_CikhgE,2024-11-24 21:36:03
812,whatever_a2WjHi,2024-11-24 21:36:03
813,learn_jOQyEO,2024-11-24 21:36:03
814,mother_DBrdWr,2024-11-24 21:36:03
815,stay_Z4p4ub,2024-11-24 21:36:03
816,low_wIels1,2024-11-24 21:36:03
817,eight_n5sMZ8,2024-11-24 21:36:03
818,summer_YFsde9,2024-11-24 21:36:03
819,serve_9jTkdz,2024-11-24 21:36:03
820,audience_cZgrjn,2024-11-24 21:36:03
821,degree_kjl3BU,2024-11-24 21:36:03
822,do_YHCKH5,2024-11-24 21:36:03
823,employee_idjZaM,2024-11-24 21:36:03
824,serious_FFNBT0,2024-11-24 21:36:03
825,audience_rSEbzg,2024-11-24 21:36:03
826,sure_lIYQUB,2024-11-24 21:36:03
827,decision_PBA6yJ,2024-11-24 21:36:03
828,wrong_O9qe8p,2024-11-24 21:36:03
829,hour_qFDGod,2024-11-24 21:36:03
830,discover_yocdxB,2024-11-24 21:36:03
831,power_QftZqz,2024-11-24 21:36:03
832,specific_BaZ9Qq,2024-11-24 21:36:03
833,night_ttbHbc,2024-11-24 21:36:03
834,glass_wcvCAA,2024-11-24 21:36:03
835,strategy_v2mgOG,2024-11-24 21:36:03
836,let_Eq2iEy,2024-11-24 21:36:03
837,blue_ppk8MA,2024-11-24 21:36:03
838,though_8jT1wv,2024-11-24 21:36:03
839,box_0yXnCr,2024-11-24 21:36:03
840,laugh_6vrZqJ,2024-11-24 21:36:03
841,its_SLYjbA,2024-11-24 21:36:03
842,carry_7bvxvM,2024-11-24 21:36:03
843,dark_jgtyCj,2024-11-24 21:36:03
844,article_DIGmQf,2024-11-24 21:36:03
845,station_8DITyU,2024-11-24 21:36:03
846,bring_aKdIns,2024-11-24 21:36:03
847,their_zRIE4O,2024-11-24 21:36:03
848,of_QGTC4H,2024-11-24 21:36:03
849,of_knFowk,2024-11-24 21:36:03
850,them_Yu6wJw,2024-11-24 21:36:03
851,collection_GjeOCS,2024-11-24 21:36:03
852,few_6qNjHd,2024-11-24 21:36:03
853,most_RyUrDX,2024-11-24 21:36:03
854,both_osSqAK,2024-11-24 21:36:03
855,executive_FYn3OC,2024-11-24 21:36:03
856,make_qDfFmU,2024-11-24 21:36:03
857,major_xM5qef,2024-11-24 21:36:03
858,visit_jVFkH4,2024-11-24 21:36:03
859,difficult_SVkGRE,2024-11-24 21:36:03
860,itself_HDXO0s,2024-11-24 21:36:03
861,yeah_S1h4R4,2024-11-24 21:36:03
862,try_wS4HRj,2024-11-24 21:36:03
863,herself_fnatyf,2024-11-24 21:36:03
864,arrive_eDWYpU,2024-11-24 21:36:03
865,morning_WxLGdQ,2024-11-24 21:36:03
866,similar_qzfjT5,2024-11-24 21:36:03
867,government_naWr5z,2024-11-24 21:36:03
868,same_JW8tl8,2024-11-24 21:36:03
869,trade_CkJzqZ,2024-11-24 21:36:03
870,meeting_U5Fyef,2024-11-24 21:36:03
871,picture_ZlNq2I,2024-11-24 21:36:03
872,box_yJK2mn,2024-11-24 21:36:03
873,identify_QDr2ZU,2024-11-24 21:36:03
874,election_zancw3,2024-11-24 21:36:03
875,who_mDKW8A,2024-11-24 21:36:03
876,source_kyky6w,2024-11-24 21:36:03
877,current_kxzUTS,2024-11-24 21:36:03
878,then_MRQwUG,2024-11-24 21:36:03
879,cultural_WA3yy2,2024-11-24 21:36:03
880,skin_lpO4b0,2024-11-24 21:36:03
881,relationship_KDMAxx,2024-11-24 21:36:03
882,health_IBaD2d,2024-11-24 21:36:03
883,simply_xPp4l1,2024-11-24 21:36:03
884,animal_wnhWM5,2024-11-24 21:36:03
885,others_fesjri,2024-11-24 21:36:03
886,gas_UgJ4C9,2024-11-24 21:36:03
887,beautiful_rqHBql,2024-11-24 21:36:03
888,wife_Hkq1vY,2024-11-24 21:36:03
889,fact_VQSkdf,2024-11-24 21:36:03
890,cover_e4Zyj6,2024-11-24 21:36:03
891,drug_BOIS85,2024-11-24 21:36:03
892,worker_OokQzo,2024-11-24 21:36:03
893,newspaper_rKUJH0,2024-11-24 21:36:03
894,within_gr4ZPl,2024-11-24 21:36:03
895,tell_zYqByv,2024-11-24 21:36:03
896,people_wfKo20,2024-11-24 21:36:03
897,accept_gm9GbS,2024-11-24 21:36:03
898,democratic_UwrWVp,2024-11-24 21:36:03
899,art_UvvKG9,2024-11-24 21:36:03
900,source_2Fv7NY,2024-11-24 21:36:03
901,inside_bEHomK,2024-11-24 21:36:03
902,glass_7yAgWg,2024-11-24 21:36:03
903,detail_uIXX7A,2024-11-24 21:36:03
904,involve_aOxUV0,2024-11-24 21:36:03
905,around_9oXIZy,2024-11-24 21:36:03
906,really_Hfu8Zi,2024-11-24 21:36:03
907,marriage_9otrP3,2024-11-24 21:36:03
908,no_Rutglz,2024-11-24 21:36:03
909,few_L9x7YW,2024-11-24 21:36:03
910,care_h419Tb,2024-11-24 21:36:03
911,claim_ZBly0T,2024-11-24 21:36:03
912,control_bWClle,2024-11-24 21:36:03
913,garden_sIru51,2024-11-24 21:36:03
914,style_kEaXgn,2024-11-24 21:36:03
915,event_XODX3R,2024-11-24 21:36:03
916,quite_ODnJwJ,2024-11-24 21:36:03
917,top_HQd8Ok,2024-11-24 21:36:03
918,lose_0ONNN4,2024-11-24 21:36:03
919,yeah_GaVDA0,2024-11-24 21:36:03
920,total_AFKhii,2024-11-24 21:36:03
921,factor_doHGnl,2024-11-24 21:36:03
922,senior_KL7fbg,2024-11-24 21:36:03
923,who_T0LzzX,2024-11-24 21:36:03
924,deal_Qs7noe,2024-11-24 21:36:03
925,own_V677mD,2024-11-24 21:36:03
926,know_mMgXwS,2024-11-24 21:36:03
927,agreement_7meISf,2024-11-24 21:36:03
928,plant_j8uVU9,2024-11-24 21:36:03
929,organization_ql9IBM,2024-11-24 21:36:03
930,make_BUu374,2024-11-24 21:36:03
931,task_NqNQOZ,2024-11-24 21:36:03
932,visit_Io7cGT,2024-11-24 21:36:03
933,Republican_J3nLuN,2024-11-24 21:36:03
934,government_O5q0H2,2024-11-24 21:36:03
935,south_isyiU6,2024-11-24 21:36:03
936,two_mcroWS,2024-11-24 21:36:03
937,these_ZZI3El,2024-11-24 21:36:03
938,read_iqMvtp,2024-11-24 21:36:03
939,door_Rdkgpj,2024-11-24 21:36:03
940,often_XASt8F,2024-11-24 21:36:03
941,class_5npyak,2024-11-24 21:36:03
942,environment_oB60kG,2024-11-24 21:36:03
943,billion_BW7NNf,2024-11-24 21:36:03
944,attention_U1fOkx,2024-11-24 21:36:03
945,somebody_5JZrQ6,2024-11-24 21:36:03
946,single_lhvgYn,2024-11-24 21:36:03
947,sister_A3dS30,2024-11-24 21:36:03
948,what_PVb6LQ,2024-11-24 21:36:03
949,training_JNERVT,2024-11-24 21:36:03
950,court_544Frw,2024-11-24 21:36:03
951,spring_rz45aC,2024-11-24 21:36:03
952,bag_mXb7Pw,2024-11-24 21:36:03
953,education_AFbPgf,2024-11-24 21:36:03
954,near_3851pd,2024-11-24 21:36:03
955,senior_Hj8jvJ,2024-11-24 21:36:03
956,decide_hwBlxz,2024-11-24 21:36:03
957,every_8cMGXC,2024-11-24 21:36:03
958,beautiful_CkYOfU,2024-11-24 21:36:03
959,home_GvD3Yc,2024-11-24 21:36:03
960,mouth_KHzpuj,2024-11-24 21:36:03
961,between_DtwMEa,2024-11-24 21:36:03
962,cover_ZW5gEJ,2024-11-24 21:36:03
963,realize_eT0yv4,2024-11-24 21:36:03
964,company_s7eDjN,2024-11-24 21:36:03
965,glass_hM1VyI,2024-11-24 21:36:03
966,course_Xt1eOR,2024-11-24 21:36:03
967,west_uDW3GW,2024-11-24 21:36:03
968,cell_NFMHja,2024-11-24 21:36:03
969,mouth_opLPFs,2024-11-24 21:36:03
970,center_XcHiP9,2024-11-24 21:36:03
971,energy_605G1x,2024-11-24 21:36:03
972,letter_cNmM1s,2024-11-24 21:36:03
973,now_Bmr8Yt,2024-11-24 21:36:03
974,throw_rBXn0q,2024-11-24 21:36:03
975,soldier_VUagZE,2024-11-24 21:36:03
976,other_RY9w5w,2024-11-24 21:36:03
977,food_Bfmt0L,2024-11-24 21:36:03
978,point_Cajfbw,2024-11-24 21:36:03
979,western_VW6hvN,2024-11-24 21:36:03
980,entire_cMWREJ,2024-11-24 21:36:03
981,or_Qd6U78,2024-11-24 21:36:03
982,dinner_iwk6tY,2024-11-24 21:36:03
983,class_tSpYgO,2024-11-24 21:36:03
984,news_WNCEtD,2024-11-24 21:36:03
985,better_bs8f8G,2024-11-24 21:36:03
986,before_USjjpt,2024-11-24 21:36:03
987,same_8M0WAd,2024-11-24 21:36:03
988,little_mT47cJ,2024-11-24 21:36:03
989,partner_xLeoBj,2024-11-24 21:36:03
990,certainly_3j2IcX,2024-11-24 21:36:03
991,community_fNaExP,2024-11-24 21:36:03
992,television_Ckc81z,2024-11-24 21:36:03
993,analysis_wuCein,2024-11-24 21:36:03
994,brother_tRWM77,2024-11-24 21:36:03
995,seek_u3U0ZH,2024-11-24 21:36:03
996,fall_9TEh7M,2024-11-24 21:36:03
997,teach_RFEZ3j,2024-11-24 21:36:03
998,hit_2c54Tu,2024-11-24 21:36:03
999,only_83WwD4,2024-11-24 21:36:03
1000,want_dlDJDo,2024-11-24 21:36:03
